system,user
"The user will provide an instruction and some relevant context.
Your job is to answer the user's instruction given the context.",What year did driver Lewis Hamilton debut in Formula 1? Answer with the year ONLY.
"The user will provide an instruction and some relevant context.
Your job is to answer the user's instruction given the context.",What year did driver Nick Heidfeld debut in Formula 1? Answer with the year ONLY.
"The user will provide an instruction and some relevant context.
Your job is to answer the user's instruction given the context.",What year did driver Nico Rosberg debut in Formula 1? Answer with the year ONLY.
"The user will provide an instruction and some relevant context.
Your job is to answer the user's instruction given the context.",What year did driver Fernando Alonso debut in Formula 1? Answer with the year ONLY.
"The user will provide an instruction and some relevant context.
Your job is to answer the user's instruction given the context.",What year did driver Heikki Kovalainen debut in Formula 1? Answer with the year ONLY.
"The user will provide an instruction and some relevant context.
Your job is to answer the user's instruction given the context.",What year did driver Kazuki Nakajima debut in Formula 1? Answer with the year ONLY.
"The user will provide an instruction and some relevant context.
Your job is to answer the user's instruction given the context.",What year did driver Sébastien Bourdais debut in Formula 1? Answer with the year ONLY.
"The user will provide an instruction and some relevant context.
Your job is to answer the user's instruction given the context.",What year did driver Kimi Räikkönen debut in Formula 1? Answer with the year ONLY.
"The user will provide an instruction and some relevant context.
Your job is to answer the user's instruction given the context.",What year did driver Robert Kubica debut in Formula 1? Answer with the year ONLY.
"The user will provide an instruction and some relevant context.
Your job is to answer the user's instruction given the context.",What year did driver Timo Glock debut in Formula 1? Answer with the year ONLY.
"The user will provide an instruction and some relevant context.
Your job is to answer the user's instruction given the context.",What year did driver Takuma Sato debut in Formula 1? Answer with the year ONLY.
"The user will provide an instruction and some relevant context.
Your job is to answer the user's instruction given the context.",What year did driver Nelson Piquet Jr. debut in Formula 1? Answer with the year ONLY.
"The user will provide an instruction and some relevant context.
Your job is to answer the user's instruction given the context.",What year did driver Felipe Massa debut in Formula 1? Answer with the year ONLY.
"The user will provide an instruction and some relevant context.
Your job is to answer the user's instruction given the context.",What year did driver David Coulthard debut in Formula 1? Answer with the year ONLY.
"The user will provide an instruction and some relevant context.
Your job is to answer the user's instruction given the context.",What year did driver Jarno Trulli debut in Formula 1? Answer with the year ONLY.
"The user will provide an instruction and some relevant context.
Your job is to answer the user's instruction given the context.",What year did driver Adrian Sutil debut in Formula 1? Answer with the year ONLY.
"The user will provide an instruction and some relevant context.
Your job is to answer the user's instruction given the context.",What year did driver Mark Webber debut in Formula 1? Answer with the year ONLY.
"The user will provide an instruction and some relevant context.
Your job is to answer the user's instruction given the context.",What year did driver Jenson Button debut in Formula 1? Answer with the year ONLY.
"The user will provide an instruction and some relevant context.
Your job is to answer the user's instruction given the context.",What year did driver Anthony Davidson debut in Formula 1? Answer with the year ONLY.
"The user will provide an instruction and some relevant context.
Your job is to answer the user's instruction given the context.",What year did driver Sebastian Vettel debut in Formula 1? Answer with the year ONLY.
"The user will provide an instruction and some relevant context.
Your job is to answer the user's instruction given the context.",What year did driver Giancarlo Fisichella debut in Formula 1? Answer with the year ONLY.
"The user will provide an instruction and some relevant context.
Your job is to answer the user's instruction given the context.",What year did driver Rubens Barrichello debut in Formula 1? Answer with the year ONLY.
"The user will provide an instruction and some relevant context.
Your job is to answer the user's instruction given the context.",What year did driver Ralf Schumacher debut in Formula 1? Answer with the year ONLY.
"The user will provide an instruction and some relevant context.
Your job is to answer the user's instruction given the context.",What year did driver Vitantonio Liuzzi debut in Formula 1? Answer with the year ONLY.
"The user will provide an instruction and some relevant context.
Your job is to answer the user's instruction given the context.",What year did driver Alexander Wurz debut in Formula 1? Answer with the year ONLY.
"The user will provide an instruction and some relevant context.
Your job is to answer the user's instruction given the context.",What year did driver Scott Speed debut in Formula 1? Answer with the year ONLY.
"The user will provide an instruction and some relevant context.
Your job is to answer the user's instruction given the context.",What year did driver Christijan Albers debut in Formula 1? Answer with the year ONLY.
"The user will provide an instruction and some relevant context.
Your job is to answer the user's instruction given the context.",What year did driver Markus Winkelhock debut in Formula 1? Answer with the year ONLY.
"The user will provide an instruction and some relevant context.
Your job is to answer the user's instruction given the context.",What year did driver Sakon Yamamoto debut in Formula 1? Answer with the year ONLY.
"The user will provide an instruction and some relevant context.
Your job is to answer the user's instruction given the context.",What year did driver Michael Schumacher debut in Formula 1? Answer with the year ONLY.
"The user will provide an instruction and some relevant context.
Your job is to answer the user's instruction given the context.",What year did driver Juan Pablo Montoya debut in Formula 1? Answer with the year ONLY.
"The user will provide an instruction and some relevant context.
Your job is to answer the user's instruction given the context.",What year did driver Christian Klien debut in Formula 1? Answer with the year ONLY.
"The user will provide an instruction and some relevant context.
Your job is to answer the user's instruction given the context.",What year did driver Tiago Monteiro debut in Formula 1? Answer with the year ONLY.
"The user will provide an instruction and some relevant context.
Your job is to answer the user's instruction given the context.",What year did driver Yuji Ide debut in Formula 1? Answer with the year ONLY.
"The user will provide an instruction and some relevant context.
Your job is to answer the user's instruction given the context.",What year did driver Jacques Villeneuve debut in Formula 1? Answer with the year ONLY.
"The user will provide an instruction and some relevant context.
Your job is to answer the user's instruction given the context.",What year did driver Franck Montagny debut in Formula 1? Answer with the year ONLY.
"The user will provide an instruction and some relevant context.
Your job is to answer the user's instruction given the context.",What year did driver Pedro de la Rosa debut in Formula 1? Answer with the year ONLY.
"The user will provide an instruction and some relevant context.
Your job is to answer the user's instruction given the context.",What year did driver Robert Doornbos debut in Formula 1? Answer with the year ONLY.
"The user will provide an instruction and some relevant context.
Your job is to answer the user's instruction given the context.",What year did driver Narain Karthikeyan debut in Formula 1? Answer with the year ONLY.
"The user will provide an instruction and some relevant context.
Your job is to answer the user's instruction given the context.",What year did driver Patrick Friesacher debut in Formula 1? Answer with the year ONLY.
"The user will provide an instruction and some relevant context.
Your job is to answer the user's instruction given the context.",What year did driver Ricardo Zonta debut in Formula 1? Answer with the year ONLY.
"The user will provide an instruction and some relevant context.
Your job is to answer the user's instruction given the context.",What year did driver Antônio Pizzonia debut in Formula 1? Answer with the year ONLY.
"The user will provide an instruction and some relevant context.
Your job is to answer the user's instruction given the context.",What year did driver Cristiano da Matta debut in Formula 1? Answer with the year ONLY.
"The user will provide an instruction and some relevant context.
Your job is to answer the user's instruction given the context.",What year did driver Olivier Panis debut in Formula 1? Answer with the year ONLY.
"The user will provide an instruction and some relevant context.
Your job is to answer the user's instruction given the context.",What year did driver Giorgio Pantano debut in Formula 1? Answer with the year ONLY.
"The user will provide an instruction and some relevant context.
Your job is to answer the user's instruction given the context.",What year did driver Gianmaria Bruni debut in Formula 1? Answer with the year ONLY.
"The user will provide an instruction and some relevant context.
Your job is to answer the user's instruction given the context.",What year did driver Zsolt Baumgartner debut in Formula 1? Answer with the year ONLY.
"The user will provide an instruction and some relevant context.
Your job is to answer the user's instruction given the context.",What year did driver Marc Gené debut in Formula 1? Answer with the year ONLY.
"The user will provide an instruction and some relevant context.
Your job is to answer the user's instruction given the context.",What year did driver Heinz-Harald Frentzen debut in Formula 1? Answer with the year ONLY.
"The user will provide an instruction and some relevant context.
Your job is to answer the user's instruction given the context.",What year did driver Jos Verstappen debut in Formula 1? Answer with the year ONLY.
"The user will provide an instruction and some relevant context.
Your job is to answer the user's instruction given the context.",What year did driver Justin Wilson debut in Formula 1? Answer with the year ONLY.
"The user will provide an instruction and some relevant context.
Your job is to answer the user's instruction given the context.",What year did driver Ralph Firman debut in Formula 1? Answer with the year ONLY.
"The user will provide an instruction and some relevant context.
Your job is to answer the user's instruction given the context.",What year did driver Nicolas Kiesa debut in Formula 1? Answer with the year ONLY.
"The user will provide an instruction and some relevant context.
Your job is to answer the user's instruction given the context.",What year did driver Luciano Burti debut in Formula 1? Answer with the year ONLY.
"The user will provide an instruction and some relevant context.
Your job is to answer the user's instruction given the context.",What year did driver Jean Alesi debut in Formula 1? Answer with the year ONLY.
"The user will provide an instruction and some relevant context.
Your job is to answer the user's instruction given the context.",What year did driver Eddie Irvine debut in Formula 1? Answer with the year ONLY.
"The user will provide an instruction and some relevant context.
Your job is to answer the user's instruction given the context.",What year did driver Mika Häkkinen debut in Formula 1? Answer with the year ONLY.
"The user will provide an instruction and some relevant context.
Your job is to answer the user's instruction given the context.",What year did driver Tarso Marques debut in Formula 1? Answer with the year ONLY.
"The user will provide an instruction and some relevant context.
Your job is to answer the user's instruction given the context.",What year did driver Enrique Bernoldi debut in Formula 1? Answer with the year ONLY.
"The user will provide an instruction and some relevant context.
Your job is to answer the user's instruction given the context.",What year did driver Gastón Mazzacane debut in Formula 1? Answer with the year ONLY.
"The user will provide an instruction and some relevant context.
Your job is to answer the user's instruction given the context.",What year did driver Tomáš Enge debut in Formula 1? Answer with the year ONLY.
"The user will provide an instruction and some relevant context.
Your job is to answer the user's instruction given the context.",What year did driver Alex Yoong debut in Formula 1? Answer with the year ONLY.
"The user will provide an instruction and some relevant context.
Your job is to answer the user's instruction given the context.",What year did driver Mika Salo debut in Formula 1? Answer with the year ONLY.
"The user will provide an instruction and some relevant context.
Your job is to answer the user's instruction given the context.",What year did driver Pedro Diniz debut in Formula 1? Answer with the year ONLY.
"The user will provide an instruction and some relevant context.
Your job is to answer the user's instruction given the context.",What year did driver Johnny Herbert debut in Formula 1? Answer with the year ONLY.
"The user will provide an instruction and some relevant context.
Your job is to answer the user's instruction given the context.",What year did driver Allan McNish debut in Formula 1? Answer with the year ONLY.
"The user will provide an instruction and some relevant context.
Your job is to answer the user's instruction given the context.",What year did driver Sébastien Buemi debut in Formula 1? Answer with the year ONLY.
"The user will provide an instruction and some relevant context.
Your job is to answer the user's instruction given the context.",What year did driver Toranosuke Takagi debut in Formula 1? Answer with the year ONLY.
"The user will provide an instruction and some relevant context.
Your job is to answer the user's instruction given the context.",What year did driver Luca Badoer debut in Formula 1? Answer with the year ONLY.
"The user will provide an instruction and some relevant context.
Your job is to answer the user's instruction given the context.",What year did driver Alessandro Zanardi debut in Formula 1? Answer with the year ONLY.
"The user will provide an instruction and some relevant context.
Your job is to answer the user's instruction given the context.",What year did driver Damon Hill debut in Formula 1? Answer with the year ONLY.
"The user will provide an instruction and some relevant context.
Your job is to answer the user's instruction given the context.",What year did driver Stéphane Sarrazin debut in Formula 1? Answer with the year ONLY.
"The user will provide an instruction and some relevant context.
Your job is to answer the user's instruction given the context.",What year did driver Ricardo Rosset debut in Formula 1? Answer with the year ONLY.
"The user will provide an instruction and some relevant context.
Your job is to answer the user's instruction given the context.",What year did driver Esteban Tuero debut in Formula 1? Answer with the year ONLY.
"The user will provide an instruction and some relevant context.
Your job is to answer the user's instruction given the context.",What year did driver Shinji Nakano debut in Formula 1? Answer with the year ONLY.
"The user will provide an instruction and some relevant context.
Your job is to answer the user's instruction given the context.",What year did driver Jan Magnussen debut in Formula 1? Answer with the year ONLY.
"The user will provide an instruction and some relevant context.
Your job is to answer the user's instruction given the context.",What year did driver Gerhard Berger debut in Formula 1? Answer with the year ONLY.
"The user will provide an instruction and some relevant context.
Your job is to answer the user's instruction given the context.",What year did driver Nicola Larini debut in Formula 1? Answer with the year ONLY.
"The user will provide an instruction and some relevant context.
Your job is to answer the user's instruction given the context.",What year did driver Ukyo Katayama debut in Formula 1? Answer with the year ONLY.
"The user will provide an instruction and some relevant context.
Your job is to answer the user's instruction given the context.",What year did driver Vincenzo Sospiri debut in Formula 1? Answer with the year ONLY.
"The user will provide an instruction and some relevant context.
Your job is to answer the user's instruction given the context.",What year did driver Gianni Morbidelli debut in Formula 1? Answer with the year ONLY.
"The user will provide an instruction and some relevant context.
Your job is to answer the user's instruction given the context.",What year did driver Norberto Fontana debut in Formula 1? Answer with the year ONLY.
"The user will provide an instruction and some relevant context.
Your job is to answer the user's instruction given the context.",What year did driver Pedro Lamy debut in Formula 1? Answer with the year ONLY.
"The user will provide an instruction and some relevant context.
Your job is to answer the user's instruction given the context.",What year did driver Martin Brundle debut in Formula 1? Answer with the year ONLY.
"The user will provide an instruction and some relevant context.
Your job is to answer the user's instruction given the context.",What year did driver Andrea Montermini debut in Formula 1? Answer with the year ONLY.
"The user will provide an instruction and some relevant context.
Your job is to answer the user's instruction given the context.",What year did driver Giovanni Lavaggi debut in Formula 1? Answer with the year ONLY.
"The user will provide an instruction and some relevant context.
Your job is to answer the user's instruction given the context.",What year did driver Mark Blundell debut in Formula 1? Answer with the year ONLY.
"The user will provide an instruction and some relevant context.
Your job is to answer the user's instruction given the context.",What year did driver Aguri Suzuki debut in Formula 1? Answer with the year ONLY.
"The user will provide an instruction and some relevant context.
Your job is to answer the user's instruction given the context.",What year did driver Taki Inoue debut in Formula 1? Answer with the year ONLY.
"The user will provide an instruction and some relevant context.
Your job is to answer the user's instruction given the context.",What year did driver Roberto Moreno debut in Formula 1? Answer with the year ONLY.
"The user will provide an instruction and some relevant context.
Your job is to answer the user's instruction given the context.",What year did driver Karl Wendlinger debut in Formula 1? Answer with the year ONLY.
"The user will provide an instruction and some relevant context.
Your job is to answer the user's instruction given the context.",What year did driver Bertrand Gachot debut in Formula 1? Answer with the year ONLY.
"The user will provide an instruction and some relevant context.
Your job is to answer the user's instruction given the context.",What year did driver Domenico Schiattarella debut in Formula 1? Answer with the year ONLY.
"The user will provide an instruction and some relevant context.
Your job is to answer the user's instruction given the context.",What year did driver Pierluigi Martini debut in Formula 1? Answer with the year ONLY.
"The user will provide an instruction and some relevant context.
Your job is to answer the user's instruction given the context.",What year did driver Nigel Mansell debut in Formula 1? Answer with the year ONLY.
"The user will provide an instruction and some relevant context.
Your job is to answer the user's instruction given the context.",What year did driver Jean-Christophe Boullion debut in Formula 1? Answer with the year ONLY.
"The user will provide an instruction and some relevant context.
Your job is to answer the user's instruction given the context.",What year did driver Massimiliano Papis debut in Formula 1? Answer with the year ONLY.
"The user will provide an instruction and some relevant context.
Your job is to answer the user's instruction given the context.",What year did driver Jean-Denis Délétraz debut in Formula 1? Answer with the year ONLY.
"The user will provide an instruction and some relevant context.
Your job is to answer the user's instruction given the context.",What year did driver Gabriele Tarquini debut in Formula 1? Answer with the year ONLY.
"The user will provide an instruction and some relevant context.
Your job is to answer the user's instruction given the context.",What year did driver Érik Comas debut in Formula 1? Answer with the year ONLY.
"The user will provide an instruction and some relevant context.
Your job is to answer the user's instruction given the context.",What year did driver David Brabham debut in Formula 1? Answer with the year ONLY.
"The user will provide an instruction and some relevant context.
Your job is to answer the user's instruction given the context.",What year did driver Ayrton Senna debut in Formula 1? Answer with the year ONLY.
"The user will provide an instruction and some relevant context.
Your job is to answer the user's instruction given the context.",What year did driver Éric Bernard debut in Formula 1? Answer with the year ONLY.
"The user will provide an instruction and some relevant context.
Your job is to answer the user's instruction given the context.",What year did driver Christian Fittipaldi debut in Formula 1? Answer with the year ONLY.
"The user will provide an instruction and some relevant context.
Your job is to answer the user's instruction given the context.",What year did driver Michele Alboreto debut in Formula 1? Answer with the year ONLY.
"The user will provide an instruction and some relevant context.
Your job is to answer the user's instruction given the context.",What year did driver Olivier Beretta debut in Formula 1? Answer with the year ONLY.
"The user will provide an instruction and some relevant context.
Your job is to answer the user's instruction given the context.",What year did driver Roland Ratzenberger debut in Formula 1? Answer with the year ONLY.
"The user will provide an instruction and some relevant context.
Your job is to answer the user's instruction given the context.",What year did driver Paul Belmondo debut in Formula 1? Answer with the year ONLY.
"The user will provide an instruction and some relevant context.
Your job is to answer the user's instruction given the context.",What year did driver Jyrki Järvilehto debut in Formula 1? Answer with the year ONLY.
"The user will provide an instruction and some relevant context.
Your job is to answer the user's instruction given the context.",What year did driver Andrea de Cesaris debut in Formula 1? Answer with the year ONLY.
"The user will provide an instruction and some relevant context.
Your job is to answer the user's instruction given the context.",What year did driver Jean-Marc Gounon debut in Formula 1? Answer with the year ONLY.
"The user will provide an instruction and some relevant context.
Your job is to answer the user's instruction given the context.",What year did driver Philippe Alliot debut in Formula 1? Answer with the year ONLY.
"The user will provide an instruction and some relevant context.
Your job is to answer the user's instruction given the context.",What year did driver Philippe Adams debut in Formula 1? Answer with the year ONLY.
"The user will provide an instruction and some relevant context.
Your job is to answer the user's instruction given the context.",What year did driver Yannick Dalmas debut in Formula 1? Answer with the year ONLY.
"The user will provide an instruction and some relevant context.
Your job is to answer the user's instruction given the context.",What year did driver Hideki Noda debut in Formula 1? Answer with the year ONLY.
"The user will provide an instruction and some relevant context.
Your job is to answer the user's instruction given the context.",What year did driver Franck Lagorce debut in Formula 1? Answer with the year ONLY.
"The user will provide an instruction and some relevant context.
Your job is to answer the user's instruction given the context.",What year did driver Alain Prost debut in Formula 1? Answer with the year ONLY.
"The user will provide an instruction and some relevant context.
Your job is to answer the user's instruction given the context.",What year did driver Derek Warwick debut in Formula 1? Answer with the year ONLY.
"The user will provide an instruction and some relevant context.
Your job is to answer the user's instruction given the context.",What year did driver Riccardo Patrese debut in Formula 1? Answer with the year ONLY.
"The user will provide an instruction and some relevant context.
Your job is to answer the user's instruction given the context.",What year did driver Fabrizio Barbazza debut in Formula 1? Answer with the year ONLY.
"The user will provide an instruction and some relevant context.
Your job is to answer the user's instruction given the context.",What year did driver Michael Andretti debut in Formula 1? Answer with the year ONLY.
"The user will provide an instruction and some relevant context.
Your job is to answer the user's instruction given the context.",What year did driver Ivan Capelli debut in Formula 1? Answer with the year ONLY.
"The user will provide an instruction and some relevant context.
Your job is to answer the user's instruction given the context.",What year did driver Thierry Boutsen debut in Formula 1? Answer with the year ONLY.
"The user will provide an instruction and some relevant context.
Your job is to answer the user's instruction given the context.",What year did driver Marco Apicella debut in Formula 1? Answer with the year ONLY.
"The user will provide an instruction and some relevant context.
Your job is to answer the user's instruction given the context.",What year did driver Emanuele Naspetti debut in Formula 1? Answer with the year ONLY.
"The user will provide an instruction and some relevant context.
Your job is to answer the user's instruction given the context.",What year did driver Toshio Suzuki debut in Formula 1? Answer with the year ONLY.
"The user will provide an instruction and some relevant context.
Your job is to answer the user's instruction given the context.",What year did driver Maurício Gugelmin debut in Formula 1? Answer with the year ONLY.
"The user will provide an instruction and some relevant context.
Your job is to answer the user's instruction given the context.",What year did driver Eric van de Poele debut in Formula 1? Answer with the year ONLY.
"The user will provide an instruction and some relevant context.
Your job is to answer the user's instruction given the context.",What year did driver Olivier Grouillard debut in Formula 1? Answer with the year ONLY.
"The user will provide an instruction and some relevant context.
Your job is to answer the user's instruction given the context.",What year did driver Andrea Chiesa debut in Formula 1? Answer with the year ONLY.
"The user will provide an instruction and some relevant context.
Your job is to answer the user's instruction given the context.",What year did driver Stefano Modena debut in Formula 1? Answer with the year ONLY.
"The user will provide an instruction and some relevant context.
Your job is to answer the user's instruction given the context.",What year did driver Giovanna Amati debut in Formula 1? Answer with the year ONLY.
"The user will provide an instruction and some relevant context.
Your job is to answer the user's instruction given the context.",What year did driver Alex Caffi debut in Formula 1? Answer with the year ONLY.
"The user will provide an instruction and some relevant context.
Your job is to answer the user's instruction given the context.",What year did driver Enrico Bertaggia debut in Formula 1? Answer with the year ONLY.
"The user will provide an instruction and some relevant context.
Your job is to answer the user's instruction given the context.",What year did driver Perry McCarthy debut in Formula 1? Answer with the year ONLY.
"The user will provide an instruction and some relevant context.
Your job is to answer the user's instruction given the context.",What year did driver Jan Lammers debut in Formula 1? Answer with the year ONLY.
"The user will provide an instruction and some relevant context.
Your job is to answer the user's instruction given the context.",What year did driver Nelson Piquet debut in Formula 1? Answer with the year ONLY.
"The user will provide an instruction and some relevant context.
Your job is to answer the user's instruction given the context.",What year did driver Satoru Nakajima debut in Formula 1? Answer with the year ONLY.
"The user will provide an instruction and some relevant context.
Your job is to answer the user's instruction given the context.",What year did driver Emanuele Pirro debut in Formula 1? Answer with the year ONLY.
"The user will provide an instruction and some relevant context.
Your job is to answer the user's instruction given the context.",What year did driver Stefan Johansson debut in Formula 1? Answer with the year ONLY.
"The user will provide an instruction and some relevant context.
Your job is to answer the user's instruction given the context.",What year did driver Julian Bailey debut in Formula 1? Answer with the year ONLY.
"The user will provide an instruction and some relevant context.
Your job is to answer the user's instruction given the context.",What year did driver Pedro Chaves debut in Formula 1? Answer with the year ONLY.
"The user will provide an instruction and some relevant context.
Your job is to answer the user's instruction given the context.",What year did driver Michael Bartels debut in Formula 1? Answer with the year ONLY.
"The user will provide an instruction and some relevant context.
Your job is to answer the user's instruction given the context.",What year did driver Naoki Hattori debut in Formula 1? Answer with the year ONLY.
"The user will provide an instruction and some relevant context.
Your job is to answer the user's instruction given the context.",What year did driver Alessandro Nannini debut in Formula 1? Answer with the year ONLY.
"The user will provide an instruction and some relevant context.
Your job is to answer the user's instruction given the context.",What year did driver Bernd Schneider debut in Formula 1? Answer with the year ONLY.
"The user will provide an instruction and some relevant context.
Your job is to answer the user's instruction given the context.",What year did driver Paolo Barilla debut in Formula 1? Answer with the year ONLY.
"The user will provide an instruction and some relevant context.
Your job is to answer the user's instruction given the context.",What year did driver Gregor Foitek debut in Formula 1? Answer with the year ONLY.
"The user will provide an instruction and some relevant context.
Your job is to answer the user's instruction given the context.",What year did driver Claudio Langes debut in Formula 1? Answer with the year ONLY.
"The user will provide an instruction and some relevant context.
Your job is to answer the user's instruction given the context.",What year did driver Gary Brabham debut in Formula 1? Answer with the year ONLY.
"The user will provide an instruction and some relevant context.
Your job is to answer the user's instruction given the context.",What year did driver Martin Donnelly debut in Formula 1? Answer with the year ONLY.
"The user will provide an instruction and some relevant context.
Your job is to answer the user's instruction given the context.",What year did driver Bruno Giacomelli debut in Formula 1? Answer with the year ONLY.
"The user will provide an instruction and some relevant context.
Your job is to answer the user's instruction given the context.",What year did driver Jaime Alguersuari debut in Formula 1? Answer with the year ONLY.
"The user will provide an instruction and some relevant context.
Your job is to answer the user's instruction given the context.",What year did driver Romain Grosjean debut in Formula 1? Answer with the year ONLY.
"The user will provide an instruction and some relevant context.
Your job is to answer the user's instruction given the context.",What year did driver Kamui Kobayashi debut in Formula 1? Answer with the year ONLY.
"The user will provide an instruction and some relevant context.
Your job is to answer the user's instruction given the context.",What year did driver Jonathan Palmer debut in Formula 1? Answer with the year ONLY.
"The user will provide an instruction and some relevant context.
Your job is to answer the user's instruction given the context.",What year did driver Christian Danner debut in Formula 1? Answer with the year ONLY.
"The user will provide an instruction and some relevant context.
Your job is to answer the user's instruction given the context.",What year did driver Eddie Cheever debut in Formula 1? Answer with the year ONLY.
"The user will provide an instruction and some relevant context.
Your job is to answer the user's instruction given the context.",What year did driver Luis Pérez-Sala debut in Formula 1? Answer with the year ONLY.
"The user will provide an instruction and some relevant context.
Your job is to answer the user's instruction given the context.",What year did driver Piercarlo Ghinzani debut in Formula 1? Answer with the year ONLY.
"The user will provide an instruction and some relevant context.
Your job is to answer the user's instruction given the context.",What year did driver Volker Weidler debut in Formula 1? Answer with the year ONLY.
"The user will provide an instruction and some relevant context.
Your job is to answer the user's instruction given the context.",What year did driver Pierre-Henri Raphanel debut in Formula 1? Answer with the year ONLY.
"The user will provide an instruction and some relevant context.
Your job is to answer the user's instruction given the context.",What year did driver René Arnoux debut in Formula 1? Answer with the year ONLY.
"The user will provide an instruction and some relevant context.
Your job is to answer the user's instruction given the context.",What year did driver Joachim Winkelhock debut in Formula 1? Answer with the year ONLY.
"The user will provide an instruction and some relevant context.
Your job is to answer the user's instruction given the context.",What year did driver Oscar Larrauri debut in Formula 1? Answer with the year ONLY.
"The user will provide an instruction and some relevant context.
Your job is to answer the user's instruction given the context.",What year did driver Philippe Streiff debut in Formula 1? Answer with the year ONLY.
"The user will provide an instruction and some relevant context.
Your job is to answer the user's instruction given the context.",What year did driver Adrián Campos debut in Formula 1? Answer with the year ONLY.
"The user will provide an instruction and some relevant context.
Your job is to answer the user's instruction given the context.",What year did driver Jean-Louis Schlesser debut in Formula 1? Answer with the year ONLY.
"The user will provide an instruction and some relevant context.
Your job is to answer the user's instruction given the context.",What year did driver Pascal Fabre debut in Formula 1? Answer with the year ONLY.
"The user will provide an instruction and some relevant context.
Your job is to answer the user's instruction given the context.",What year did driver Teo Fabi debut in Formula 1? Answer with the year ONLY.
"The user will provide an instruction and some relevant context.
Your job is to answer the user's instruction given the context.",What year did driver Franco Forini debut in Formula 1? Answer with the year ONLY.
"The user will provide an instruction and some relevant context.
Your job is to answer the user's instruction given the context.",What year did driver Jacques Laffite debut in Formula 1? Answer with the year ONLY.
"The user will provide an instruction and some relevant context.
Your job is to answer the user's instruction given the context.",What year did driver Elio de Angelis debut in Formula 1? Answer with the year ONLY.
"The user will provide an instruction and some relevant context.
Your job is to answer the user's instruction given the context.",What year did driver Johnny Dumfries debut in Formula 1? Answer with the year ONLY.
"The user will provide an instruction and some relevant context.
Your job is to answer the user's instruction given the context.",What year did driver Patrick Tambay debut in Formula 1? Answer with the year ONLY.
"The user will provide an instruction and some relevant context.
Your job is to answer the user's instruction given the context.",What year did driver Marc Surer debut in Formula 1? Answer with the year ONLY.
"The user will provide an instruction and some relevant context.
Your job is to answer the user's instruction given the context.",What year did driver Keke Rosberg debut in Formula 1? Answer with the year ONLY.
"The user will provide an instruction and some relevant context.
Your job is to answer the user's instruction given the context.",What year did driver Alan Jones debut in Formula 1? Answer with the year ONLY.
"The user will provide an instruction and some relevant context.
Your job is to answer the user's instruction given the context.",What year did driver Huub Rothengatter debut in Formula 1? Answer with the year ONLY.
"The user will provide an instruction and some relevant context.
Your job is to answer the user's instruction given the context.",What year did driver Allen Berg debut in Formula 1? Answer with the year ONLY.
"The user will provide an instruction and some relevant context.
Your job is to answer the user's instruction given the context.",What year did driver Manfred Winkelhock debut in Formula 1? Answer with the year ONLY.
"The user will provide an instruction and some relevant context.
Your job is to answer the user's instruction given the context.",What year did driver Niki Lauda debut in Formula 1? Answer with the year ONLY.
"The user will provide an instruction and some relevant context.
Your job is to answer the user's instruction given the context.",What year did driver François Hesnault debut in Formula 1? Answer with the year ONLY.
"The user will provide an instruction and some relevant context.
Your job is to answer the user's instruction given the context.",What year did driver Mauro Baldi debut in Formula 1? Answer with the year ONLY.
"The user will provide an instruction and some relevant context.
Your job is to answer the user's instruction given the context.",What year did driver Stefan Bellof debut in Formula 1? Answer with the year ONLY.
"The user will provide an instruction and some relevant context.
Your job is to answer the user's instruction given the context.",What year did driver Kenny Acheson debut in Formula 1? Answer with the year ONLY.
"The user will provide an instruction and some relevant context.
Your job is to answer the user's instruction given the context.",What year did driver John Watson debut in Formula 1? Answer with the year ONLY.
"The user will provide an instruction and some relevant context.
Your job is to answer the user's instruction given the context.",What year did driver Johnny Cecotto debut in Formula 1? Answer with the year ONLY.
"The user will provide an instruction and some relevant context.
Your job is to answer the user's instruction given the context.",What year did driver Jo Gartner debut in Formula 1? Answer with the year ONLY.
"The user will provide an instruction and some relevant context.
Your job is to answer the user's instruction given the context.",What year did driver Corrado Fabi debut in Formula 1? Answer with the year ONLY.
"The user will provide an instruction and some relevant context.
Your job is to answer the user's instruction given the context.",What year did driver Mike Thackwell debut in Formula 1? Answer with the year ONLY.
"The user will provide an instruction and some relevant context.
Your job is to answer the user's instruction given the context.",What year did driver Chico Serra debut in Formula 1? Answer with the year ONLY.
"The user will provide an instruction and some relevant context.
Your job is to answer the user's instruction given the context.",What year did driver Danny Sullivan debut in Formula 1? Answer with the year ONLY.
"The user will provide an instruction and some relevant context.
Your job is to answer the user's instruction given the context.",What year did driver Eliseo Salazar debut in Formula 1? Answer with the year ONLY.
"The user will provide an instruction and some relevant context.
Your job is to answer the user's instruction given the context.",What year did driver Roberto Guerrero debut in Formula 1? Answer with the year ONLY.
"The user will provide an instruction and some relevant context.
Your job is to answer the user's instruction given the context.",What year did driver Raul Boesel debut in Formula 1? Answer with the year ONLY.
"The user will provide an instruction and some relevant context.
Your job is to answer the user's instruction given the context.",What year did driver Jean-Pierre Jarier debut in Formula 1? Answer with the year ONLY.
"The user will provide an instruction and some relevant context.
Your job is to answer the user's instruction given the context.",What year did driver Jacques Villeneuve Sr. debut in Formula 1? Answer with the year ONLY.
"The user will provide an instruction and some relevant context.
Your job is to answer the user's instruction given the context.",What year did driver Carlos Reutemann debut in Formula 1? Answer with the year ONLY.
"The user will provide an instruction and some relevant context.
Your job is to answer the user's instruction given the context.",What year did driver Jochen Mass debut in Formula 1? Answer with the year ONLY.
"The user will provide an instruction and some relevant context.
Your job is to answer the user's instruction given the context.",What year did driver Slim Borgudd debut in Formula 1? Answer with the year ONLY.
"The user will provide an instruction and some relevant context.
Your job is to answer the user's instruction given the context.",What year did driver Didier Pironi debut in Formula 1? Answer with the year ONLY.
"The user will provide an instruction and some relevant context.
Your job is to answer the user's instruction given the context.",What year did driver Gilles Villeneuve debut in Formula 1? Answer with the year ONLY.
"The user will provide an instruction and some relevant context.
Your job is to answer the user's instruction given the context.",What year did driver Riccardo Paletti debut in Formula 1? Answer with the year ONLY.
"The user will provide an instruction and some relevant context.
Your job is to answer the user's instruction given the context.",What year did driver Brian Henton debut in Formula 1? Answer with the year ONLY.
"The user will provide an instruction and some relevant context.
Your job is to answer the user's instruction given the context.",What year did driver Derek Daly debut in Formula 1? Answer with the year ONLY.
"The user will provide an instruction and some relevant context.
Your job is to answer the user's instruction given the context.",What year did driver Mario Andretti debut in Formula 1? Answer with the year ONLY.
"The user will provide an instruction and some relevant context.
Your job is to answer the user's instruction given the context.",What year did driver Emilio de Villota debut in Formula 1? Answer with the year ONLY.
"The user will provide an instruction and some relevant context.
Your job is to answer the user's instruction given the context.",What year did driver Geoff Lees debut in Formula 1? Answer with the year ONLY.
"The user will provide an instruction and some relevant context.
Your job is to answer the user's instruction given the context.",What year did driver Tommy Byrne debut in Formula 1? Answer with the year ONLY.
"The user will provide an instruction and some relevant context.
Your job is to answer the user's instruction given the context.",What year did driver Rupert Keegan debut in Formula 1? Answer with the year ONLY.
"The user will provide an instruction and some relevant context.
Your job is to answer the user's instruction given the context.",What year did driver Hector Rebaque debut in Formula 1? Answer with the year ONLY.
"The user will provide an instruction and some relevant context.
Your job is to answer the user's instruction given the context.",What year did driver Beppe Gabbiani debut in Formula 1? Answer with the year ONLY.
"The user will provide an instruction and some relevant context.
Your job is to answer the user's instruction given the context.",What year did driver Kevin Cogan debut in Formula 1? Answer with the year ONLY.
"The user will provide an instruction and some relevant context.
Your job is to answer the user's instruction given the context.",What year did driver Miguel Ángel Guerra debut in Formula 1? Answer with the year ONLY.
"The user will provide an instruction and some relevant context.
Your job is to answer the user's instruction given the context.",What year did driver Siegfried Stohr debut in Formula 1? Answer with the year ONLY.
"The user will provide an instruction and some relevant context.
Your job is to answer the user's instruction given the context.",What year did driver Ricardo Zunino debut in Formula 1? Answer with the year ONLY.
"The user will provide an instruction and some relevant context.
Your job is to answer the user's instruction given the context.",What year did driver Ricardo Londoño debut in Formula 1? Answer with the year ONLY.
"The user will provide an instruction and some relevant context.
Your job is to answer the user's instruction given the context.",What year did driver Jean-Pierre Jabouille debut in Formula 1? Answer with the year ONLY.
"The user will provide an instruction and some relevant context.
Your job is to answer the user's instruction given the context.",What year did driver Giorgio Francia debut in Formula 1? Answer with the year ONLY.
"The user will provide an instruction and some relevant context.
Your job is to answer the user's instruction given the context.",What year did driver Patrick Depailler debut in Formula 1? Answer with the year ONLY.
"The user will provide an instruction and some relevant context.
Your job is to answer the user's instruction given the context.",What year did driver Jody Scheckter debut in Formula 1? Answer with the year ONLY.
"The user will provide an instruction and some relevant context.
Your job is to answer the user's instruction given the context.",What year did driver Clay Regazzoni debut in Formula 1? Answer with the year ONLY.
"The user will provide an instruction and some relevant context.
Your job is to answer the user's instruction given the context.",What year did driver Emerson Fittipaldi debut in Formula 1? Answer with the year ONLY.
"The user will provide an instruction and some relevant context.
Your job is to answer the user's instruction given the context.",What year did driver Dave Kennedy debut in Formula 1? Answer with the year ONLY.
"The user will provide an instruction and some relevant context.
Your job is to answer the user's instruction given the context.",What year did driver Stephen South debut in Formula 1? Answer with the year ONLY.
"The user will provide an instruction and some relevant context.
Your job is to answer the user's instruction given the context.",What year did driver Tiff Needell debut in Formula 1? Answer with the year ONLY.
"The user will provide an instruction and some relevant context.
Your job is to answer the user's instruction given the context.",What year did driver Desiré Wilson debut in Formula 1? Answer with the year ONLY.
"The user will provide an instruction and some relevant context.
Your job is to answer the user's instruction given the context.",What year did driver Harald Ertl debut in Formula 1? Answer with the year ONLY.
"The user will provide an instruction and some relevant context.
Your job is to answer the user's instruction given the context.",What year did driver Vittorio Brambilla debut in Formula 1? Answer with the year ONLY.
"The user will provide an instruction and some relevant context.
Your job is to answer the user's instruction given the context.",What year did driver James Hunt debut in Formula 1? Answer with the year ONLY.
"The user will provide an instruction and some relevant context.
Your job is to answer the user's instruction given the context.",What year did driver Arturo Merzario debut in Formula 1? Answer with the year ONLY.
"The user will provide an instruction and some relevant context.
Your job is to answer the user's instruction given the context.",What year did driver Hans-Joachim Stuck debut in Formula 1? Answer with the year ONLY.
"The user will provide an instruction and some relevant context.
Your job is to answer the user's instruction given the context.",What year did driver Gianfranco Brancatelli debut in Formula 1? Answer with the year ONLY.
"The user will provide an instruction and some relevant context.
Your job is to answer the user's instruction given the context.",What year did driver Jacky Ickx debut in Formula 1? Answer with the year ONLY.
"The user will provide an instruction and some relevant context.
Your job is to answer the user's instruction given the context.",What year did driver Patrick Gaillard debut in Formula 1? Answer with the year ONLY.
"The user will provide an instruction and some relevant context.
Your job is to answer the user's instruction given the context.",What year did driver Alex Ribeiro debut in Formula 1? Answer with the year ONLY.
"The user will provide an instruction and some relevant context.
Your job is to answer the user's instruction given the context.",What year did driver Ronnie Peterson debut in Formula 1? Answer with the year ONLY.
"The user will provide an instruction and some relevant context.
Your job is to answer the user's instruction given the context.",What year did driver Brett Lunger debut in Formula 1? Answer with the year ONLY.
"The user will provide an instruction and some relevant context.
Your job is to answer the user's instruction given the context.",What year did driver Danny Ongais debut in Formula 1? Answer with the year ONLY.
"The user will provide an instruction and some relevant context.
Your job is to answer the user's instruction given the context.",What year did driver Lamberto Leoni debut in Formula 1? Answer with the year ONLY.
"The user will provide an instruction and some relevant context.
Your job is to answer the user's instruction given the context.",What year did driver Divina Galica debut in Formula 1? Answer with the year ONLY.
"The user will provide an instruction and some relevant context.
Your job is to answer the user's instruction given the context.",What year did driver Rolf Stommelen debut in Formula 1? Answer with the year ONLY.
"The user will provide an instruction and some relevant context.
Your job is to answer the user's instruction given the context.",What year did driver Alberto Colombo debut in Formula 1? Answer with the year ONLY.
"The user will provide an instruction and some relevant context.
Your job is to answer the user's instruction given the context.",What year did driver Tony Trimmer debut in Formula 1? Answer with the year ONLY.
"The user will provide an instruction and some relevant context.
Your job is to answer the user's instruction given the context.",What year did driver Hans Binder debut in Formula 1? Answer with the year ONLY.
"The user will provide an instruction and some relevant context.
Your job is to answer the user's instruction given the context.",What year did driver Michael Bleekemolen debut in Formula 1? Answer with the year ONLY.
"The user will provide an instruction and some relevant context.
Your job is to answer the user's instruction given the context.",What year did driver Carlo Franchi debut in Formula 1? Answer with the year ONLY.
"The user will provide an instruction and some relevant context.
Your job is to answer the user's instruction given the context.",What year did driver Bobby Rahal debut in Formula 1? Answer with the year ONLY.
"The user will provide an instruction and some relevant context.
Your job is to answer the user's instruction given the context.",What year did driver Carlos Pace debut in Formula 1? Answer with the year ONLY.
"The user will provide an instruction and some relevant context.
Your job is to answer the user's instruction given the context.",What year did driver Ian Scheckter debut in Formula 1? Answer with the year ONLY.
"The user will provide an instruction and some relevant context.
Your job is to answer the user's instruction given the context.",What year did driver Tom Pryce debut in Formula 1? Answer with the year ONLY.
"The user will provide an instruction and some relevant context.
Your job is to answer the user's instruction given the context.",What year did driver Ingo Hoffmann debut in Formula 1? Answer with the year ONLY.
"The user will provide an instruction and some relevant context.
Your job is to answer the user's instruction given the context.",What year did driver Renzo Zorzi debut in Formula 1? Answer with the year ONLY.
"The user will provide an instruction and some relevant context.
Your job is to answer the user's instruction given the context.",What year did driver Gunnar Nilsson debut in Formula 1? Answer with the year ONLY.
"The user will provide an instruction and some relevant context.
Your job is to answer the user's instruction given the context.",What year did driver Larry Perkins debut in Formula 1? Answer with the year ONLY.
"The user will provide an instruction and some relevant context.
Your job is to answer the user's instruction given the context.",What year did driver Boy Lunger debut in Formula 1? Answer with the year ONLY.
"The user will provide an instruction and some relevant context.
Your job is to answer the user's instruction given the context.",What year did driver Patrick Nève debut in Formula 1? Answer with the year ONLY.
"The user will provide an instruction and some relevant context.
Your job is to answer the user's instruction given the context.",What year did driver David Purley debut in Formula 1? Answer with the year ONLY.
"The user will provide an instruction and some relevant context.
Your job is to answer the user's instruction given the context.",What year did driver Conny Andersson debut in Formula 1? Answer with the year ONLY.
"The user will provide an instruction and some relevant context.
Your job is to answer the user's instruction given the context.",What year did driver Bernard de Dryver debut in Formula 1? Answer with the year ONLY.
"The user will provide an instruction and some relevant context.
Your job is to answer the user's instruction given the context.",What year did driver Jackie Oliver debut in Formula 1? Answer with the year ONLY.
"The user will provide an instruction and some relevant context.
Your job is to answer the user's instruction given the context.",What year did driver Mikko Kozarowitzky debut in Formula 1? Answer with the year ONLY.
"The user will provide an instruction and some relevant context.
Your job is to answer the user's instruction given the context.",What year did driver Andy Sutcliffe debut in Formula 1? Answer with the year ONLY.
"The user will provide an instruction and some relevant context.
Your job is to answer the user's instruction given the context.",What year did driver Guy Edwards debut in Formula 1? Answer with the year ONLY.
"The user will provide an instruction and some relevant context.
Your job is to answer the user's instruction given the context.",What year did driver Brian McGuire debut in Formula 1? Answer with the year ONLY.
"The user will provide an instruction and some relevant context.
Your job is to answer the user's instruction given the context.",What year did driver Vern Schuppan debut in Formula 1? Answer with the year ONLY.
"The user will provide an instruction and some relevant context.
Your job is to answer the user's instruction given the context.",What year did driver Hans Heyer debut in Formula 1? Answer with the year ONLY.
"The user will provide an instruction and some relevant context.
Your job is to answer the user's instruction given the context.",What year did driver Teddy Pilette debut in Formula 1? Answer with the year ONLY.
"The user will provide an instruction and some relevant context.
Your job is to answer the user's instruction given the context.",What year did driver Ian Ashley debut in Formula 1? Answer with the year ONLY.
"The user will provide an instruction and some relevant context.
Your job is to answer the user's instruction given the context.",What year did driver Loris Kessel debut in Formula 1? Answer with the year ONLY.
"The user will provide an instruction and some relevant context.
Your job is to answer the user's instruction given the context.",What year did driver Kunimitsu Takahashi debut in Formula 1? Answer with the year ONLY.
"The user will provide an instruction and some relevant context.
Your job is to answer the user's instruction given the context.",What year did driver Kazuyoshi Hoshino debut in Formula 1? Answer with the year ONLY.
"The user will provide an instruction and some relevant context.
Your job is to answer the user's instruction given the context.",What year did driver Noritake Takahara debut in Formula 1? Answer with the year ONLY.
"The user will provide an instruction and some relevant context.
Your job is to answer the user's instruction given the context.",What year did driver Lella Lombardi debut in Formula 1? Answer with the year ONLY.
"The user will provide an instruction and some relevant context.
Your job is to answer the user's instruction given the context.",What year did driver Bob Evans debut in Formula 1? Answer with the year ONLY.
"The user will provide an instruction and some relevant context.
Your job is to answer the user's instruction given the context.",What year did driver Michel Leclère debut in Formula 1? Answer with the year ONLY.
"The user will provide an instruction and some relevant context.
Your job is to answer the user's instruction given the context.",What year did driver Chris Amon debut in Formula 1? Answer with the year ONLY.
"The user will provide an instruction and some relevant context.
Your job is to answer the user's instruction given the context.",What year did driver Emilio Zapico debut in Formula 1? Answer with the year ONLY.
"The user will provide an instruction and some relevant context.
Your job is to answer the user's instruction given the context.",What year did driver Henri Pescarolo debut in Formula 1? Answer with the year ONLY.
"The user will provide an instruction and some relevant context.
Your job is to answer the user's instruction given the context.",What year did driver Jac Nelleman debut in Formula 1? Answer with the year ONLY.
"The user will provide an instruction and some relevant context.
Your job is to answer the user's instruction given the context.",What year did driver Damien Magee debut in Formula 1? Answer with the year ONLY.
"The user will provide an instruction and some relevant context.
Your job is to answer the user's instruction given the context.",What year did driver Mike Wilds debut in Formula 1? Answer with the year ONLY.
"The user will provide an instruction and some relevant context.
Your job is to answer the user's instruction given the context.",What year did driver Alessandro Pesenti-Rossi debut in Formula 1? Answer with the year ONLY.
"The user will provide an instruction and some relevant context.
Your job is to answer the user's instruction given the context.",What year did driver Otto Stuppacher debut in Formula 1? Answer with the year ONLY.
"The user will provide an instruction and some relevant context.
Your job is to answer the user's instruction given the context.",What year did driver Warwick Brown debut in Formula 1? Answer with the year ONLY.
"The user will provide an instruction and some relevant context.
Your job is to answer the user's instruction given the context.",What year did driver Masahiro Hasemi debut in Formula 1? Answer with the year ONLY.
"The user will provide an instruction and some relevant context.
Your job is to answer the user's instruction given the context.",What year did driver Mark Donohue debut in Formula 1? Answer with the year ONLY.
"The user will provide an instruction and some relevant context.
Your job is to answer the user's instruction given the context.",What year did driver Graham Hill debut in Formula 1? Answer with the year ONLY.
"The user will provide an instruction and some relevant context.
Your job is to answer the user's instruction given the context.",What year did driver Wilson Fittipaldi debut in Formula 1? Answer with the year ONLY.
"The user will provide an instruction and some relevant context.
Your job is to answer the user's instruction given the context.",What year did driver Guy Tunmer debut in Formula 1? Answer with the year ONLY.
"The user will provide an instruction and some relevant context.
Your job is to answer the user's instruction given the context.",What year did driver Eddie Keizan debut in Formula 1? Answer with the year ONLY.
"The user will provide an instruction and some relevant context.
Your job is to answer the user's instruction given the context.",What year did driver Dave Charlton debut in Formula 1? Answer with the year ONLY.
"The user will provide an instruction and some relevant context.
Your job is to answer the user's instruction given the context.",What year did driver Tony Brise debut in Formula 1? Answer with the year ONLY.
"The user will provide an instruction and some relevant context.
Your job is to answer the user's instruction given the context.",What year did driver Roelof Wunderink debut in Formula 1? Answer with the year ONLY.
"The user will provide an instruction and some relevant context.
Your job is to answer the user's instruction given the context.",What year did driver François Migault debut in Formula 1? Answer with the year ONLY.
"The user will provide an instruction and some relevant context.
Your job is to answer the user's instruction given the context.",What year did driver Torsten Palm debut in Formula 1? Answer with the year ONLY.
"The user will provide an instruction and some relevant context.
Your job is to answer the user's instruction given the context.",What year did driver Gijs van Lennep debut in Formula 1? Answer with the year ONLY.
"The user will provide an instruction and some relevant context.
Your job is to answer the user's instruction given the context.",What year did driver Hiroshi Fushida debut in Formula 1? Answer with the year ONLY.
"The user will provide an instruction and some relevant context.
Your job is to answer the user's instruction given the context.",What year did driver John Nicholson debut in Formula 1? Answer with the year ONLY.
"The user will provide an instruction and some relevant context.
Your job is to answer the user's instruction given the context.",What year did driver Dave Morgan debut in Formula 1? Answer with the year ONLY.
"The user will provide an instruction and some relevant context.
Your job is to answer the user's instruction given the context.",What year did driver Jim Crawford debut in Formula 1? Answer with the year ONLY.
"The user will provide an instruction and some relevant context.
Your job is to answer the user's instruction given the context.",What year did driver Jo Vonlanthen debut in Formula 1? Answer with the year ONLY.
"The user will provide an instruction and some relevant context.
Your job is to answer the user's instruction given the context.",What year did driver Denny Hulme debut in Formula 1? Answer with the year ONLY.
"The user will provide an instruction and some relevant context.
Your job is to answer the user's instruction given the context.",What year did driver Mike Hailwood debut in Formula 1? Answer with the year ONLY.
"The user will provide an instruction and some relevant context.
Your job is to answer the user's instruction given the context.",What year did driver Jean-Pierre Beltoise debut in Formula 1? Answer with the year ONLY.
"The user will provide an instruction and some relevant context.
Your job is to answer the user's instruction given the context.",What year did driver Howden Ganley debut in Formula 1? Answer with the year ONLY.
"The user will provide an instruction and some relevant context.
Your job is to answer the user's instruction given the context.",What year did driver Richard Robarts debut in Formula 1? Answer with the year ONLY.
"The user will provide an instruction and some relevant context.
Your job is to answer the user's instruction given the context.",What year did driver Peter Revson debut in Formula 1? Answer with the year ONLY.
"The user will provide an instruction and some relevant context.
Your job is to answer the user's instruction given the context.",What year did driver Paddy Driver debut in Formula 1? Answer with the year ONLY.
"The user will provide an instruction and some relevant context.
Your job is to answer the user's instruction given the context.",What year did driver Tom Belsø debut in Formula 1? Answer with the year ONLY.
"The user will provide an instruction and some relevant context.
Your job is to answer the user's instruction given the context.",What year did driver Brian Redman debut in Formula 1? Answer with the year ONLY.
"The user will provide an instruction and some relevant context.
Your job is to answer the user's instruction given the context.",What year did driver Rikky von Opel debut in Formula 1? Answer with the year ONLY.
"The user will provide an instruction and some relevant context.
Your job is to answer the user's instruction given the context.",What year did driver Tim Schenken debut in Formula 1? Answer with the year ONLY.
"The user will provide an instruction and some relevant context.
Your job is to answer the user's instruction given the context.",What year did driver Gérard Larrousse debut in Formula 1? Answer with the year ONLY.
"The user will provide an instruction and some relevant context.
Your job is to answer the user's instruction given the context.",What year did driver Leo Kinnunen debut in Formula 1? Answer with the year ONLY.
"The user will provide an instruction and some relevant context.
Your job is to answer the user's instruction given the context.",What year did driver Reine Wisell debut in Formula 1? Answer with the year ONLY.
"The user will provide an instruction and some relevant context.
Your job is to answer the user's instruction given the context.",What year did driver Bertil Roos debut in Formula 1? Answer with the year ONLY.
"The user will provide an instruction and some relevant context.
Your job is to answer the user's instruction given the context.",What year did driver José Dolhem debut in Formula 1? Answer with the year ONLY.
"The user will provide an instruction and some relevant context.
Your job is to answer the user's instruction given the context.",What year did driver Peter Gethin debut in Formula 1? Answer with the year ONLY.
"The user will provide an instruction and some relevant context.
Your job is to answer the user's instruction given the context.",What year did driver Derek Bell debut in Formula 1? Answer with the year ONLY.
"The user will provide an instruction and some relevant context.
Your job is to answer the user's instruction given the context.",What year did driver David Hobbs debut in Formula 1? Answer with the year ONLY.
"The user will provide an instruction and some relevant context.
Your job is to answer the user's instruction given the context.",What year did driver Dieter Quester debut in Formula 1? Answer with the year ONLY.
"The user will provide an instruction and some relevant context.
Your job is to answer the user's instruction given the context.",What year did driver Helmuth Koinigg debut in Formula 1? Answer with the year ONLY.
"The user will provide an instruction and some relevant context.
Your job is to answer the user's instruction given the context.",What year did driver Carlo Facetti debut in Formula 1? Answer with the year ONLY.
"The user will provide an instruction and some relevant context.
Your job is to answer the user's instruction given the context.",What year did driver Eppie Wietzes debut in Formula 1? Answer with the year ONLY.
"The user will provide an instruction and some relevant context.
Your job is to answer the user's instruction given the context.",What year did driver François Cevert debut in Formula 1? Answer with the year ONLY.
"The user will provide an instruction and some relevant context.
Your job is to answer the user's instruction given the context.",What year did driver Jackie Stewart debut in Formula 1? Answer with the year ONLY.
"The user will provide an instruction and some relevant context.
Your job is to answer the user's instruction given the context.",What year did driver Mike Beuttler debut in Formula 1? Answer with the year ONLY.
"The user will provide an instruction and some relevant context.
Your job is to answer the user's instruction given the context.",What year did driver Nanni Galli debut in Formula 1? Answer with the year ONLY.
"The user will provide an instruction and some relevant context.
Your job is to answer the user's instruction given the context.",What year did driver Luiz Bueno debut in Formula 1? Answer with the year ONLY.
"The user will provide an instruction and some relevant context.
Your job is to answer the user's instruction given the context.",What year did driver George Follmer debut in Formula 1? Answer with the year ONLY.
"The user will provide an instruction and some relevant context.
Your job is to answer the user's instruction given the context.",What year did driver Andrea de Adamich debut in Formula 1? Answer with the year ONLY.
"The user will provide an instruction and some relevant context.
Your job is to answer the user's instruction given the context.",What year did driver Jackie Pretorius debut in Formula 1? Answer with the year ONLY.
"The user will provide an instruction and some relevant context.
Your job is to answer the user's instruction given the context.",What year did driver Roger Williamson debut in Formula 1? Answer with the year ONLY.
"The user will provide an instruction and some relevant context.
Your job is to answer the user's instruction given the context.",What year did driver Graham McRae debut in Formula 1? Answer with the year ONLY.
"The user will provide an instruction and some relevant context.
Your job is to answer the user's instruction given the context.",What year did driver Helmut Marko debut in Formula 1? Answer with the year ONLY.
"The user will provide an instruction and some relevant context.
Your job is to answer the user's instruction given the context.",What year did driver David Walker debut in Formula 1? Answer with the year ONLY.
"The user will provide an instruction and some relevant context.
Your job is to answer the user's instruction given the context.",What year did driver Alex Soler-Roig debut in Formula 1? Answer with the year ONLY.
"The user will provide an instruction and some relevant context.
Your job is to answer the user's instruction given the context.",What year did driver John Love debut in Formula 1? Answer with the year ONLY.
"The user will provide an instruction and some relevant context.
Your job is to answer the user's instruction given the context.",What year did driver John Surtees debut in Formula 1? Answer with the year ONLY.
"The user will provide an instruction and some relevant context.
Your job is to answer the user's instruction given the context.",What year did driver Skip Barber debut in Formula 1? Answer with the year ONLY.
"The user will provide an instruction and some relevant context.
Your job is to answer the user's instruction given the context.",What year did driver Bill Brack debut in Formula 1? Answer with the year ONLY.
"The user will provide an instruction and some relevant context.
Your job is to answer the user's instruction given the context.",What year did driver Sam Posey debut in Formula 1? Answer with the year ONLY.
"The user will provide an instruction and some relevant context.
Your job is to answer the user's instruction given the context.",What year did driver Pedro Rodríguez debut in Formula 1? Answer with the year ONLY.
"The user will provide an instruction and some relevant context.
Your job is to answer the user's instruction given the context.",What year did driver Jo Siffert debut in Formula 1? Answer with the year ONLY.
"The user will provide an instruction and some relevant context.
Your job is to answer the user's instruction given the context.",What year did driver Jo Bonnier debut in Formula 1? Answer with the year ONLY.
"The user will provide an instruction and some relevant context.
Your job is to answer the user's instruction given the context.",What year did driver François Mazet debut in Formula 1? Answer with the year ONLY.
"The user will provide an instruction and some relevant context.
Your job is to answer the user's instruction given the context.",What year did driver Max Jean debut in Formula 1? Answer with the year ONLY.
"The user will provide an instruction and some relevant context.
Your job is to answer the user's instruction given the context.",What year did driver Vic Elford debut in Formula 1? Answer with the year ONLY.
"The user will provide an instruction and some relevant context.
Your job is to answer the user's instruction given the context.",What year did driver Silvio Moser debut in Formula 1? Answer with the year ONLY.
"The user will provide an instruction and some relevant context.
Your job is to answer the user's instruction given the context.",What year did driver George Eaton debut in Formula 1? Answer with the year ONLY.
"The user will provide an instruction and some relevant context.
Your job is to answer the user's instruction given the context.",What year did driver Pete Lovely debut in Formula 1? Answer with the year ONLY.
"The user will provide an instruction and some relevant context.
Your job is to answer the user's instruction given the context.",What year did driver Chris Craft debut in Formula 1? Answer with the year ONLY.
"The user will provide an instruction and some relevant context.
Your job is to answer the user's instruction given the context.",What year did driver John Cannon debut in Formula 1? Answer with the year ONLY.
"The user will provide an instruction and some relevant context.
Your job is to answer the user's instruction given the context.",What year did driver Jack Brabham debut in Formula 1? Answer with the year ONLY.
"The user will provide an instruction and some relevant context.
Your job is to answer the user's instruction given the context.",What year did driver John Miles debut in Formula 1? Answer with the year ONLY.
"The user will provide an instruction and some relevant context.
Your job is to answer the user's instruction given the context.",What year did driver Jochen Rindt debut in Formula 1? Answer with the year ONLY.
"The user will provide an instruction and some relevant context.
Your job is to answer the user's instruction given the context.",What year did driver Johnny Servoz-Gavin debut in Formula 1? Answer with the year ONLY.
"The user will provide an instruction and some relevant context.
Your job is to answer the user's instruction given the context.",What year did driver Bruce McLaren debut in Formula 1? Answer with the year ONLY.
"The user will provide an instruction and some relevant context.
Your job is to answer the user's instruction given the context.",What year did driver Piers Courage debut in Formula 1? Answer with the year ONLY.
"The user will provide an instruction and some relevant context.
Your job is to answer the user's instruction given the context.",What year did driver Peter de Klerk debut in Formula 1? Answer with the year ONLY.
"The user will provide an instruction and some relevant context.
Your job is to answer the user's instruction given the context.",What year did driver Ignazio Giunti debut in Formula 1? Answer with the year ONLY.
"The user will provide an instruction and some relevant context.
Your job is to answer the user's instruction given the context.",What year did driver Dan Gurney debut in Formula 1? Answer with the year ONLY.
"The user will provide an instruction and some relevant context.
Your job is to answer the user's instruction given the context.",What year did driver Hubert Hahne debut in Formula 1? Answer with the year ONLY.
"The user will provide an instruction and some relevant context.
Your job is to answer the user's instruction given the context.",What year did driver Gus Hutchison debut in Formula 1? Answer with the year ONLY.
"The user will provide an instruction and some relevant context.
Your job is to answer the user's instruction given the context.",What year did driver Peter Westbury debut in Formula 1? Answer with the year ONLY.
"The user will provide an instruction and some relevant context.
Your job is to answer the user's instruction given the context.",What year did driver Sam Tingle debut in Formula 1? Answer with the year ONLY.
"The user will provide an instruction and some relevant context.
Your job is to answer the user's instruction given the context.",What year did driver Basil van Rooyen debut in Formula 1? Answer with the year ONLY.
"The user will provide an instruction and some relevant context.
Your job is to answer the user's instruction given the context.",What year did driver Richard Attwood debut in Formula 1? Answer with the year ONLY.
"The user will provide an instruction and some relevant context.
Your job is to answer the user's instruction given the context.",What year did driver Al Pease debut in Formula 1? Answer with the year ONLY.
"The user will provide an instruction and some relevant context.
Your job is to answer the user's instruction given the context.",What year did driver John Cordts debut in Formula 1? Answer with the year ONLY.
"The user will provide an instruction and some relevant context.
Your job is to answer the user's instruction given the context.",What year did driver Jim Clark debut in Formula 1? Answer with the year ONLY.
"The user will provide an instruction and some relevant context.
Your job is to answer the user's instruction given the context.",What year did driver Mike Spence debut in Formula 1? Answer with the year ONLY.
"The user will provide an instruction and some relevant context.
Your job is to answer the user's instruction given the context.",What year did driver Ludovico Scarfiotti debut in Formula 1? Answer with the year ONLY.
"The user will provide an instruction and some relevant context.
Your job is to answer the user's instruction given the context.",What year did driver Lucien Bianchi debut in Formula 1? Answer with the year ONLY.
"The user will provide an instruction and some relevant context.
Your job is to answer the user's instruction given the context.",What year did driver Jo Schlesser debut in Formula 1? Answer with the year ONLY.
"The user will provide an instruction and some relevant context.
Your job is to answer the user's instruction given the context.",What year did driver Robin Widdows debut in Formula 1? Answer with the year ONLY.
"The user will provide an instruction and some relevant context.
Your job is to answer the user's instruction given the context.",What year did driver Kurt Ahrens debut in Formula 1? Answer with the year ONLY.
"The user will provide an instruction and some relevant context.
Your job is to answer the user's instruction given the context.",What year did driver Frank Gardner debut in Formula 1? Answer with the year ONLY.
"The user will provide an instruction and some relevant context.
Your job is to answer the user's instruction given the context.",What year did driver Bobby Unser debut in Formula 1? Answer with the year ONLY.
"The user will provide an instruction and some relevant context.
Your job is to answer the user's instruction given the context.",What year did driver Moisés Solana debut in Formula 1? Answer with the year ONLY.
"The user will provide an instruction and some relevant context.
Your job is to answer the user's instruction given the context.",What year did driver Bob Anderson debut in Formula 1? Answer with the year ONLY.
"The user will provide an instruction and some relevant context.
Your job is to answer the user's instruction given the context.",What year did driver Luki Botha debut in Formula 1? Answer with the year ONLY.
"The user will provide an instruction and some relevant context.
Your job is to answer the user's instruction given the context.",What year did driver Lorenzo Bandini debut in Formula 1? Answer with the year ONLY.
"The user will provide an instruction and some relevant context.
Your job is to answer the user's instruction given the context.",What year did driver Richie Ginther debut in Formula 1? Answer with the year ONLY.
"The user will provide an instruction and some relevant context.
Your job is to answer the user's instruction given the context.",What year did driver Mike Parkes debut in Formula 1? Answer with the year ONLY.
"The user will provide an instruction and some relevant context.
Your job is to answer the user's instruction given the context.",What year did driver Chris Irwin debut in Formula 1? Answer with the year ONLY.
"The user will provide an instruction and some relevant context.
Your job is to answer the user's instruction given the context.",What year did driver Guy Ligier debut in Formula 1? Answer with the year ONLY.
"The user will provide an instruction and some relevant context.
Your job is to answer the user's instruction given the context.",What year did driver Alan Rees debut in Formula 1? Answer with the year ONLY.
"The user will provide an instruction and some relevant context.
Your job is to answer the user's instruction given the context.",What year did driver Brian Hart debut in Formula 1? Answer with the year ONLY.
"The user will provide an instruction and some relevant context.
Your job is to answer the user's instruction given the context.",What year did driver Mike Fisher debut in Formula 1? Answer with the year ONLY.
"The user will provide an instruction and some relevant context.
Your job is to answer the user's instruction given the context.",What year did driver Tom Jones debut in Formula 1? Answer with the year ONLY.
"The user will provide an instruction and some relevant context.
Your job is to answer the user's instruction given the context.",What year did driver Giancarlo Baghetti debut in Formula 1? Answer with the year ONLY.
"The user will provide an instruction and some relevant context.
Your job is to answer the user's instruction given the context.",What year did driver Jonathan Williams debut in Formula 1? Answer with the year ONLY.
"The user will provide an instruction and some relevant context.
Your job is to answer the user's instruction given the context.",What year did driver Bob Bondurant debut in Formula 1? Answer with the year ONLY.
"The user will provide an instruction and some relevant context.
Your job is to answer the user's instruction given the context.",What year did driver Peter Arundell debut in Formula 1? Answer with the year ONLY.
"The user will provide an instruction and some relevant context.
Your job is to answer the user's instruction given the context.",What year did driver Vic Wilson debut in Formula 1? Answer with the year ONLY.
"The user will provide an instruction and some relevant context.
Your job is to answer the user's instruction given the context.",What year did driver John Taylor debut in Formula 1? Answer with the year ONLY.
"The user will provide an instruction and some relevant context.
Your job is to answer the user's instruction given the context.",What year did driver Chris Lawrence debut in Formula 1? Answer with the year ONLY.
"The user will provide an instruction and some relevant context.
Your job is to answer the user's instruction given the context.",What year did driver Trevor Taylor debut in Formula 1? Answer with the year ONLY.
"The user will provide an instruction and some relevant context.
Your job is to answer the user's instruction given the context.",What year did driver Giacomo Russo debut in Formula 1? Answer with the year ONLY.
"The user will provide an instruction and some relevant context.
Your job is to answer the user's instruction given the context.",What year did driver Phil Hill debut in Formula 1? Answer with the year ONLY.
"The user will provide an instruction and some relevant context.
Your job is to answer the user's instruction given the context.",What year did driver Innes Ireland debut in Formula 1? Answer with the year ONLY.
"The user will provide an instruction and some relevant context.
Your job is to answer the user's instruction given the context.",What year did driver Ronnie Bucknum debut in Formula 1? Answer with the year ONLY.
"The user will provide an instruction and some relevant context.
Your job is to answer the user's instruction given the context.",What year did driver Paul Hawkins debut in Formula 1? Answer with the year ONLY.
"The user will provide an instruction and some relevant context.
Your job is to answer the user's instruction given the context.",What year did driver David Prophet debut in Formula 1? Answer with the year ONLY.
"The user will provide an instruction and some relevant context.
Your job is to answer the user's instruction given the context.",What year did driver Tony Maggs debut in Formula 1? Answer with the year ONLY.
"The user will provide an instruction and some relevant context.
Your job is to answer the user's instruction given the context.",What year did driver Trevor Blokdyk debut in Formula 1? Answer with the year ONLY.
"The user will provide an instruction and some relevant context.
Your job is to answer the user's instruction given the context.",What year did driver Neville Lederle debut in Formula 1? Answer with the year ONLY.
"The user will provide an instruction and some relevant context.
Your job is to answer the user's instruction given the context.",What year did driver Doug Serrurier debut in Formula 1? Answer with the year ONLY.
"The user will provide an instruction and some relevant context.
Your job is to answer the user's instruction given the context.",What year did driver Brausch Niemann debut in Formula 1? Answer with the year ONLY.
"The user will provide an instruction and some relevant context.
Your job is to answer the user's instruction given the context.",What year did driver Ernie Pieterse debut in Formula 1? Answer with the year ONLY.
"The user will provide an instruction and some relevant context.
Your job is to answer the user's instruction given the context.",What year did driver Clive Puzey debut in Formula 1? Answer with the year ONLY.
"The user will provide an instruction and some relevant context.
Your job is to answer the user's instruction given the context.",What year did driver Ray Reed debut in Formula 1? Answer with the year ONLY.
"The user will provide an instruction and some relevant context.
Your job is to answer the user's instruction given the context.",What year did driver David Clapham debut in Formula 1? Answer with the year ONLY.
"The user will provide an instruction and some relevant context.
Your job is to answer the user's instruction given the context.",What year did driver Alex Blignaut debut in Formula 1? Answer with the year ONLY.
"The user will provide an instruction and some relevant context.
Your job is to answer the user's instruction given the context.",What year did driver Masten Gregory debut in Formula 1? Answer with the year ONLY.
"The user will provide an instruction and some relevant context.
Your job is to answer the user's instruction given the context.",What year did driver John Rhodes debut in Formula 1? Answer with the year ONLY.
"The user will provide an instruction and some relevant context.
Your job is to answer the user's instruction given the context.",What year did driver Ian Raby debut in Formula 1? Answer with the year ONLY.
"The user will provide an instruction and some relevant context.
Your job is to answer the user's instruction given the context.",What year did driver Alan Rollinson debut in Formula 1? Answer with the year ONLY.
"The user will provide an instruction and some relevant context.
Your job is to answer the user's instruction given the context.",What year did driver Brian Gubby debut in Formula 1? Answer with the year ONLY.
"The user will provide an instruction and some relevant context.
Your job is to answer the user's instruction given the context.",What year did driver Gerhard Mitter debut in Formula 1? Answer with the year ONLY.
"The user will provide an instruction and some relevant context.
Your job is to answer the user's instruction given the context.",What year did driver Roberto Bussinello debut in Formula 1? Answer with the year ONLY.
"The user will provide an instruction and some relevant context.
Your job is to answer the user's instruction given the context.",What year did driver Nino Vaccarella debut in Formula 1? Answer with the year ONLY.
"The user will provide an instruction and some relevant context.
Your job is to answer the user's instruction given the context.",What year did driver Giorgio Bassi debut in Formula 1? Answer with the year ONLY.
"The user will provide an instruction and some relevant context.
Your job is to answer the user's instruction given the context.",What year did driver Maurice Trintignant debut in Formula 1? Answer with the year ONLY.
"The user will provide an instruction and some relevant context.
Your job is to answer the user's instruction given the context.",What year did driver Bernard Collomb debut in Formula 1? Answer with the year ONLY.
"The user will provide an instruction and some relevant context.
Your job is to answer the user's instruction given the context.",What year did driver André Pilette debut in Formula 1? Answer with the year ONLY.
"The user will provide an instruction and some relevant context.
Your job is to answer the user's instruction given the context.",What year did driver Carel Godin de Beaufort debut in Formula 1? Answer with the year ONLY.
"The user will provide an instruction and some relevant context.
Your job is to answer the user's instruction given the context.",What year did driver Edgar Barth debut in Formula 1? Answer with the year ONLY.
"The user will provide an instruction and some relevant context.
Your job is to answer the user's instruction given the context.",What year did driver Mário de Araújo Cabral debut in Formula 1? Answer with the year ONLY.
"The user will provide an instruction and some relevant context.
Your job is to answer the user's instruction given the context.",What year did driver Walt Hansgen debut in Formula 1? Answer with the year ONLY.
"The user will provide an instruction and some relevant context.
Your job is to answer the user's instruction given the context.",What year did driver Hap Sharp debut in Formula 1? Answer with the year ONLY.
"The user will provide an instruction and some relevant context.
Your job is to answer the user's instruction given the context.",What year did driver Willy Mairesse debut in Formula 1? Answer with the year ONLY.
"The user will provide an instruction and some relevant context.
Your job is to answer the user's instruction given the context.",What year did driver John Campbell-Jones debut in Formula 1? Answer with the year ONLY.
"The user will provide an instruction and some relevant context.
Your job is to answer the user's instruction given the context.",What year did driver Ian Burgess debut in Formula 1? Answer with the year ONLY.
"The user will provide an instruction and some relevant context.
Your job is to answer the user's instruction given the context.",What year did driver Tony Settember debut in Formula 1? Answer with the year ONLY.
"The user will provide an instruction and some relevant context.
Your job is to answer the user's instruction given the context.",What year did driver Nasif Estéfano debut in Formula 1? Answer with the year ONLY.
"The user will provide an instruction and some relevant context.
Your job is to answer the user's instruction given the context.",What year did driver Jim Hall debut in Formula 1? Answer with the year ONLY.
"The user will provide an instruction and some relevant context.
Your job is to answer the user's instruction given the context.",What year did driver Tim Parnell debut in Formula 1? Answer with the year ONLY.
"The user will provide an instruction and some relevant context.
Your job is to answer the user's instruction given the context.",What year did driver Kurt Kuhnke debut in Formula 1? Answer with the year ONLY.
"The user will provide an instruction and some relevant context.
Your job is to answer the user's instruction given the context.",What year did driver Ernesto Brambilla debut in Formula 1? Answer with the year ONLY.
"The user will provide an instruction and some relevant context.
Your job is to answer the user's instruction given the context.",What year did driver Roberto Lippi debut in Formula 1? Answer with the year ONLY.
"The user will provide an instruction and some relevant context.
Your job is to answer the user's instruction given the context.",What year did driver Günther Seiffert debut in Formula 1? Answer with the year ONLY.
"The user will provide an instruction and some relevant context.
Your job is to answer the user's instruction given the context.",What year did driver Carlo Abate debut in Formula 1? Answer with the year ONLY.
"The user will provide an instruction and some relevant context.
Your job is to answer the user's instruction given the context.",What year did driver Gaetano Starrabba debut in Formula 1? Answer with the year ONLY.
"The user will provide an instruction and some relevant context.
Your job is to answer the user's instruction given the context.",What year did driver Peter Broeker debut in Formula 1? Answer with the year ONLY.
"The user will provide an instruction and some relevant context.
Your job is to answer the user's instruction given the context.",What year did driver Rodger Ward debut in Formula 1? Answer with the year ONLY.
"The user will provide an instruction and some relevant context.
Your job is to answer the user's instruction given the context.",What year did driver Ernie de Vos debut in Formula 1? Answer with the year ONLY.
"The user will provide an instruction and some relevant context.
Your job is to answer the user's instruction given the context.",What year did driver Frank Dochnal debut in Formula 1? Answer with the year ONLY.
"The user will provide an instruction and some relevant context.
Your job is to answer the user's instruction given the context.",What year did driver Thomas Monarch debut in Formula 1? Answer with the year ONLY.
"The user will provide an instruction and some relevant context.
Your job is to answer the user's instruction given the context.",What year did driver Jackie Lewis debut in Formula 1? Answer with the year ONLY.
"The user will provide an instruction and some relevant context.
Your job is to answer the user's instruction given the context.",What year did driver Ricardo Rodríguez debut in Formula 1? Answer with the year ONLY.
"The user will provide an instruction and some relevant context.
Your job is to answer the user's instruction given the context.",What year did driver Wolfgang Seidel debut in Formula 1? Answer with the year ONLY.
"The user will provide an instruction and some relevant context.
Your job is to answer the user's instruction given the context.",What year did driver Roy Salvadori debut in Formula 1? Answer with the year ONLY.
"The user will provide an instruction and some relevant context.
Your job is to answer the user's instruction given the context.",What year did driver Ben Pon debut in Formula 1? Answer with the year ONLY.
"The user will provide an instruction and some relevant context.
Your job is to answer the user's instruction given the context.",What year did driver Rob Slotemaker debut in Formula 1? Answer with the year ONLY.
"The user will provide an instruction and some relevant context.
Your job is to answer the user's instruction given the context.",What year did driver Tony Marsh debut in Formula 1? Answer with the year ONLY.
"The user will provide an instruction and some relevant context.
Your job is to answer the user's instruction given the context.",What year did driver Gerry Ashmore debut in Formula 1? Answer with the year ONLY.
"The user will provide an instruction and some relevant context.
Your job is to answer the user's instruction given the context.",What year did driver Heinz Schiller debut in Formula 1? Answer with the year ONLY.
"The user will provide an instruction and some relevant context.
Your job is to answer the user's instruction given the context.",What year did driver Colin Davis debut in Formula 1? Answer with the year ONLY.
"The user will provide an instruction and some relevant context.
Your job is to answer the user's instruction given the context.",What year did driver Jay Chamberlain debut in Formula 1? Answer with the year ONLY.
"The user will provide an instruction and some relevant context.
Your job is to answer the user's instruction given the context.",What year did driver Tony Shelly debut in Formula 1? Answer with the year ONLY.
"The user will provide an instruction and some relevant context.
Your job is to answer the user's instruction given the context.",What year did driver Keith Greene debut in Formula 1? Answer with the year ONLY.
"The user will provide an instruction and some relevant context.
Your job is to answer the user's instruction given the context.",What year did driver Heini Walter debut in Formula 1? Answer with the year ONLY.
"The user will provide an instruction and some relevant context.
Your job is to answer the user's instruction given the context.",What year did driver Ernesto Prinoth debut in Formula 1? Answer with the year ONLY.
"The user will provide an instruction and some relevant context.
Your job is to answer the user's instruction given the context.",What year did driver Roger Penske debut in Formula 1? Answer with the year ONLY.
"The user will provide an instruction and some relevant context.
Your job is to answer the user's instruction given the context.",What year did driver Rob Schroeder debut in Formula 1? Answer with the year ONLY.
"The user will provide an instruction and some relevant context.
Your job is to answer the user's instruction given the context.",What year did driver Timmy Mayer debut in Formula 1? Answer with the year ONLY.
"The user will provide an instruction and some relevant context.
Your job is to answer the user's instruction given the context.",What year did driver Bruce Johnstone debut in Formula 1? Answer with the year ONLY.
"The user will provide an instruction and some relevant context.
Your job is to answer the user's instruction given the context.",What year did driver Mike Harris debut in Formula 1? Answer with the year ONLY.
"The user will provide an instruction and some relevant context.
Your job is to answer the user's instruction given the context.",What year did driver Gary Hocking debut in Formula 1? Answer with the year ONLY.
"The user will provide an instruction and some relevant context.
Your job is to answer the user's instruction given the context.",What year did driver Syd van der Vyver debut in Formula 1? Answer with the year ONLY.
"The user will provide an instruction and some relevant context.
Your job is to answer the user's instruction given the context.",What year did driver Stirling Moss debut in Formula 1? Answer with the year ONLY.
"The user will provide an instruction and some relevant context.
Your job is to answer the user's instruction given the context.",What year did driver Wolfgang von Trips debut in Formula 1? Answer with the year ONLY.
"The user will provide an instruction and some relevant context.
Your job is to answer the user's instruction given the context.",What year did driver Cliff Allison debut in Formula 1? Answer with the year ONLY.
"The user will provide an instruction and some relevant context.
Your job is to answer the user's instruction given the context.",What year did driver Hans Herrmann debut in Formula 1? Answer with the year ONLY.
"The user will provide an instruction and some relevant context.
Your job is to answer the user's instruction given the context.",What year did driver Tony Brooks debut in Formula 1? Answer with the year ONLY.
"The user will provide an instruction and some relevant context.
Your job is to answer the user's instruction given the context.",What year did driver Michael May debut in Formula 1? Answer with the year ONLY.
"The user will provide an instruction and some relevant context.
Your job is to answer the user's instruction given the context.",What year did driver Henry Taylor debut in Formula 1? Answer with the year ONLY.
"The user will provide an instruction and some relevant context.
Your job is to answer the user's instruction given the context.",What year did driver Olivier Gendebien debut in Formula 1? Answer with the year ONLY.
"The user will provide an instruction and some relevant context.
Your job is to answer the user's instruction given the context.",What year did driver Giorgio Scarlatti debut in Formula 1? Answer with the year ONLY.
"The user will provide an instruction and some relevant context.
Your job is to answer the user's instruction given the context.",What year did driver Brian Naylor debut in Formula 1? Answer with the year ONLY.
"The user will provide an instruction and some relevant context.
Your job is to answer the user's instruction given the context.",What year did driver Juan Manuel Bordeu debut in Formula 1? Answer with the year ONLY.
"The user will provide an instruction and some relevant context.
Your job is to answer the user's instruction given the context.",What year did driver Jack Fairman debut in Formula 1? Answer with the year ONLY.
"The user will provide an instruction and some relevant context.
Your job is to answer the user's instruction given the context.",What year did driver Massimo Natili debut in Formula 1? Answer with the year ONLY.
"The user will provide an instruction and some relevant context.
Your job is to answer the user's instruction given the context.",What year did driver Peter Monteverdi debut in Formula 1? Answer with the year ONLY.
"The user will provide an instruction and some relevant context.
Your job is to answer the user's instruction given the context.",What year did driver Renato Pirocchi debut in Formula 1? Answer with the year ONLY.
"The user will provide an instruction and some relevant context.
Your job is to answer the user's instruction given the context.",What year did driver Geoff Duke debut in Formula 1? Answer with the year ONLY.
"The user will provide an instruction and some relevant context.
Your job is to answer the user's instruction given the context.",What year did driver Alfonso Thiele debut in Formula 1? Answer with the year ONLY.
"The user will provide an instruction and some relevant context.
Your job is to answer the user's instruction given the context.",What year did driver Menato Boffa debut in Formula 1? Answer with the year ONLY.
"The user will provide an instruction and some relevant context.
Your job is to answer the user's instruction given the context.",What year did driver Peter Ryan debut in Formula 1? Answer with the year ONLY.
"The user will provide an instruction and some relevant context.
Your job is to answer the user's instruction given the context.",What year did driver Lloyd Ruby debut in Formula 1? Answer with the year ONLY.
"The user will provide an instruction and some relevant context.
Your job is to answer the user's instruction given the context.",What year did driver Ken Miles debut in Formula 1? Answer with the year ONLY.
"The user will provide an instruction and some relevant context.
Your job is to answer the user's instruction given the context.",What year did driver Carlos Menditeguy debut in Formula 1? Answer with the year ONLY.
"The user will provide an instruction and some relevant context.
Your job is to answer the user's instruction given the context.",What year did driver Alberto Rodriguez Larreta debut in Formula 1? Answer with the year ONLY.
"The user will provide an instruction and some relevant context.
Your job is to answer the user's instruction given the context.",What year did driver José Froilán González debut in Formula 1? Answer with the year ONLY.
"The user will provide an instruction and some relevant context.
Your job is to answer the user's instruction given the context.",What year did driver Roberto Bonomi debut in Formula 1? Answer with the year ONLY.
"The user will provide an instruction and some relevant context.
Your job is to answer the user's instruction given the context.",What year did driver Gino Munaron debut in Formula 1? Answer with the year ONLY.
"The user will provide an instruction and some relevant context.
Your job is to answer the user's instruction given the context.",What year did driver Harry Schell debut in Formula 1? Answer with the year ONLY.
"The user will provide an instruction and some relevant context.
Your job is to answer the user's instruction given the context.",What year did driver Alan Stacey debut in Formula 1? Answer with the year ONLY.
"The user will provide an instruction and some relevant context.
Your job is to answer the user's instruction given the context.",What year did driver Ettore Chimeri debut in Formula 1? Answer with the year ONLY.
"The user will provide an instruction and some relevant context.
Your job is to answer the user's instruction given the context.",What year did driver Antonio Creus debut in Formula 1? Answer with the year ONLY.
"The user will provide an instruction and some relevant context.
Your job is to answer the user's instruction given the context.",What year did driver Chris Bristow debut in Formula 1? Answer with the year ONLY.
"The user will provide an instruction and some relevant context.
Your job is to answer the user's instruction given the context.",What year did driver Bruce Halford debut in Formula 1? Answer with the year ONLY.
"The user will provide an instruction and some relevant context.
Your job is to answer the user's instruction given the context.",What year did driver Chuck Daigh debut in Formula 1? Answer with the year ONLY.
"The user will provide an instruction and some relevant context.
Your job is to answer the user's instruction given the context.",What year did driver Lance Reventlow debut in Formula 1? Answer with the year ONLY.
"The user will provide an instruction and some relevant context.
Your job is to answer the user's instruction given the context.",What year did driver Jim Rathmann debut in Formula 1? Answer with the year ONLY.
"The user will provide an instruction and some relevant context.
Your job is to answer the user's instruction given the context.",What year did driver Paul Goldsmith debut in Formula 1? Answer with the year ONLY.
"The user will provide an instruction and some relevant context.
Your job is to answer the user's instruction given the context.",What year did driver Don Branson debut in Formula 1? Answer with the year ONLY.
"The user will provide an instruction and some relevant context.
Your job is to answer the user's instruction given the context.",What year did driver Johnny Thomson debut in Formula 1? Answer with the year ONLY.
"The user will provide an instruction and some relevant context.
Your job is to answer the user's instruction given the context.",What year did driver Eddie Johnson debut in Formula 1? Answer with the year ONLY.
"The user will provide an instruction and some relevant context.
Your job is to answer the user's instruction given the context.",What year did driver Bob Veith debut in Formula 1? Answer with the year ONLY.
"The user will provide an instruction and some relevant context.
Your job is to answer the user's instruction given the context.",What year did driver Bud Tingelstad debut in Formula 1? Answer with the year ONLY.
"The user will provide an instruction and some relevant context.
Your job is to answer the user's instruction given the context.",What year did driver Bob Christie debut in Formula 1? Answer with the year ONLY.
"The user will provide an instruction and some relevant context.
Your job is to answer the user's instruction given the context.",What year did driver Red Amick debut in Formula 1? Answer with the year ONLY.
"The user will provide an instruction and some relevant context.
Your job is to answer the user's instruction given the context.",What year did driver Duane Carter debut in Formula 1? Answer with the year ONLY.
"The user will provide an instruction and some relevant context.
Your job is to answer the user's instruction given the context.",What year did driver Bill Homeier debut in Formula 1? Answer with the year ONLY.
"The user will provide an instruction and some relevant context.
Your job is to answer the user's instruction given the context.",What year did driver Gene Hartley debut in Formula 1? Answer with the year ONLY.
"The user will provide an instruction and some relevant context.
Your job is to answer the user's instruction given the context.",What year did driver Chuck Stevenson debut in Formula 1? Answer with the year ONLY.
"The user will provide an instruction and some relevant context.
Your job is to answer the user's instruction given the context.",What year did driver Bobby Grim debut in Formula 1? Answer with the year ONLY.
"The user will provide an instruction and some relevant context.
Your job is to answer the user's instruction given the context.",What year did driver Shorty Templeman debut in Formula 1? Answer with the year ONLY.
"The user will provide an instruction and some relevant context.
Your job is to answer the user's instruction given the context.",What year did driver Jim Hurtubise debut in Formula 1? Answer with the year ONLY.
"The user will provide an instruction and some relevant context.
Your job is to answer the user's instruction given the context.",What year did driver Jimmy Bryan debut in Formula 1? Answer with the year ONLY.
"The user will provide an instruction and some relevant context.
Your job is to answer the user's instruction given the context.",What year did driver Troy Ruttman debut in Formula 1? Answer with the year ONLY.
"The user will provide an instruction and some relevant context.
Your job is to answer the user's instruction given the context.",What year did driver Eddie Sachs debut in Formula 1? Answer with the year ONLY.
"The user will provide an instruction and some relevant context.
Your job is to answer the user's instruction given the context.",What year did driver Don Freeland debut in Formula 1? Answer with the year ONLY.
"The user will provide an instruction and some relevant context.
Your job is to answer the user's instruction given the context.",What year did driver Tony Bettenhausen debut in Formula 1? Answer with the year ONLY.
"The user will provide an instruction and some relevant context.
Your job is to answer the user's instruction given the context.",What year did driver Wayne Weiler debut in Formula 1? Answer with the year ONLY.
"The user will provide an instruction and some relevant context.
Your job is to answer the user's instruction given the context.",What year did driver Anthony Foyt debut in Formula 1? Answer with the year ONLY.
"The user will provide an instruction and some relevant context.
Your job is to answer the user's instruction given the context.",What year did driver Eddie Russo debut in Formula 1? Answer with the year ONLY.
"The user will provide an instruction and some relevant context.
Your job is to answer the user's instruction given the context.",What year did driver Johnny Boyd debut in Formula 1? Answer with the year ONLY.
"The user will provide an instruction and some relevant context.
Your job is to answer the user's instruction given the context.",What year did driver Gene Force debut in Formula 1? Answer with the year ONLY.
"The user will provide an instruction and some relevant context.
Your job is to answer the user's instruction given the context.",What year did driver Jim McWithey debut in Formula 1? Answer with the year ONLY.
"The user will provide an instruction and some relevant context.
Your job is to answer the user's instruction given the context.",What year did driver Len Sutton debut in Formula 1? Answer with the year ONLY.
"The user will provide an instruction and some relevant context.
Your job is to answer the user's instruction given the context.",What year did driver Dick Rathmann debut in Formula 1? Answer with the year ONLY.
"The user will provide an instruction and some relevant context.
Your job is to answer the user's instruction given the context.",What year did driver Al Herman debut in Formula 1? Answer with the year ONLY.
"The user will provide an instruction and some relevant context.
Your job is to answer the user's instruction given the context.",What year did driver Dempsey Wilson debut in Formula 1? Answer with the year ONLY.
"The user will provide an instruction and some relevant context.
Your job is to answer the user's instruction given the context.",What year did driver Mike Taylor debut in Formula 1? Answer with the year ONLY.
"The user will provide an instruction and some relevant context.
Your job is to answer the user's instruction given the context.",What year did driver Ron Flockhart debut in Formula 1? Answer with the year ONLY.
"The user will provide an instruction and some relevant context.
Your job is to answer the user's instruction given the context.",What year did driver David Piper debut in Formula 1? Answer with the year ONLY.
"The user will provide an instruction and some relevant context.
Your job is to answer the user's instruction given the context.",What year did driver Giulio Cabianca debut in Formula 1? Answer with the year ONLY.
"The user will provide an instruction and some relevant context.
Your job is to answer the user's instruction given the context.",What year did driver Piero Drogo debut in Formula 1? Answer with the year ONLY.
"The user will provide an instruction and some relevant context.
Your job is to answer the user's instruction given the context.",What year did driver Fred Gamble debut in Formula 1? Answer with the year ONLY.
"The user will provide an instruction and some relevant context.
Your job is to answer the user's instruction given the context.",What year did driver Arthur Owen debut in Formula 1? Answer with the year ONLY.
"The user will provide an instruction and some relevant context.
Your job is to answer the user's instruction given the context.",What year did driver Horace Gould debut in Formula 1? Answer with the year ONLY.
"The user will provide an instruction and some relevant context.
Your job is to answer the user's instruction given the context.",What year did driver Bob Drake debut in Formula 1? Answer with the year ONLY.
"The user will provide an instruction and some relevant context.
Your job is to answer the user's instruction given the context.",What year did driver Ivor Bueb debut in Formula 1? Answer with the year ONLY.
"The user will provide an instruction and some relevant context.
Your job is to answer the user's instruction given the context.",What year did driver Alain de Changy debut in Formula 1? Answer with the year ONLY.
"The user will provide an instruction and some relevant context.
Your job is to answer the user's instruction given the context.",What year did driver Maria de Filippis debut in Formula 1? Answer with the year ONLY.
"The user will provide an instruction and some relevant context.
Your job is to answer the user's instruction given the context.",What year did driver Jean Lucienbonnet debut in Formula 1? Answer with the year ONLY.
"The user will provide an instruction and some relevant context.
Your job is to answer the user's instruction given the context.",What year did driver André Testut debut in Formula 1? Answer with the year ONLY.
"The user will provide an instruction and some relevant context.
Your job is to answer the user's instruction given the context.",What year did driver Jean Behra debut in Formula 1? Answer with the year ONLY.
"The user will provide an instruction and some relevant context.
Your job is to answer the user's instruction given the context.",What year did driver Paul Russo debut in Formula 1? Answer with the year ONLY.
"The user will provide an instruction and some relevant context.
Your job is to answer the user's instruction given the context.",What year did driver Jimmy Daywalt debut in Formula 1? Answer with the year ONLY.
"The user will provide an instruction and some relevant context.
Your job is to answer the user's instruction given the context.",What year did driver Chuck Arnold debut in Formula 1? Answer with the year ONLY.
"The user will provide an instruction and some relevant context.
Your job is to answer the user's instruction given the context.",What year did driver Al Keller debut in Formula 1? Answer with the year ONLY.
"The user will provide an instruction and some relevant context.
Your job is to answer the user's instruction given the context.",What year did driver Pat Flaherty debut in Formula 1? Answer with the year ONLY.
"The user will provide an instruction and some relevant context.
Your job is to answer the user's instruction given the context.",What year did driver Bill Cheesbourg debut in Formula 1? Answer with the year ONLY.
"The user will provide an instruction and some relevant context.
Your job is to answer the user's instruction given the context.",What year did driver Ray Crawford debut in Formula 1? Answer with the year ONLY.
"The user will provide an instruction and some relevant context.
Your job is to answer the user's instruction given the context.",What year did driver Jack Turner debut in Formula 1? Answer with the year ONLY.
"The user will provide an instruction and some relevant context.
Your job is to answer the user's instruction given the context.",What year did driver Chuck Weyant debut in Formula 1? Answer with the year ONLY.
"The user will provide an instruction and some relevant context.
Your job is to answer the user's instruction given the context.",What year did driver Jud Larson debut in Formula 1? Answer with the year ONLY.
"The user will provide an instruction and some relevant context.
Your job is to answer the user's instruction given the context.",What year did driver Mike Magill debut in Formula 1? Answer with the year ONLY.
"The user will provide an instruction and some relevant context.
Your job is to answer the user's instruction given the context.",What year did driver Carroll Shelby debut in Formula 1? Answer with the year ONLY.
"The user will provide an instruction and some relevant context.
Your job is to answer the user's instruction given the context.",What year did driver Fritz d'Orey debut in Formula 1? Answer with the year ONLY.
"The user will provide an instruction and some relevant context.
Your job is to answer the user's instruction given the context.",What year did driver Azdrubal Fontes debut in Formula 1? Answer with the year ONLY.
"The user will provide an instruction and some relevant context.
Your job is to answer the user's instruction given the context.",What year did driver Peter Ashdown debut in Formula 1? Answer with the year ONLY.
"The user will provide an instruction and some relevant context.
Your job is to answer the user's instruction given the context.",What year did driver Bill Moss debut in Formula 1? Answer with the year ONLY.
"The user will provide an instruction and some relevant context.
Your job is to answer the user's instruction given the context.",What year did driver Dennis Taylor debut in Formula 1? Answer with the year ONLY.
"The user will provide an instruction and some relevant context.
Your job is to answer the user's instruction given the context.",What year did driver Harry Blanchard debut in Formula 1? Answer with the year ONLY.
"The user will provide an instruction and some relevant context.
Your job is to answer the user's instruction given the context.",What year did driver Alessandro de Tomaso debut in Formula 1? Answer with the year ONLY.
"The user will provide an instruction and some relevant context.
Your job is to answer the user's instruction given the context.",What year did driver George Constantine debut in Formula 1? Answer with the year ONLY.
"The user will provide an instruction and some relevant context.
Your job is to answer the user's instruction given the context.",What year did driver Bob Said debut in Formula 1? Answer with the year ONLY.
"The user will provide an instruction and some relevant context.
Your job is to answer the user's instruction given the context.",What year did driver Phil Cade debut in Formula 1? Answer with the year ONLY.
"The user will provide an instruction and some relevant context.
Your job is to answer the user's instruction given the context.",What year did driver Luigi Musso debut in Formula 1? Answer with the year ONLY.
"The user will provide an instruction and some relevant context.
Your job is to answer the user's instruction given the context.",What year did driver Mike Hawthorn debut in Formula 1? Answer with the year ONLY.
"The user will provide an instruction and some relevant context.
Your job is to answer the user's instruction given the context.",What year did driver Juan Fangio debut in Formula 1? Answer with the year ONLY.
"The user will provide an instruction and some relevant context.
Your job is to answer the user's instruction given the context.",What year did driver Paco Godia debut in Formula 1? Answer with the year ONLY.
"The user will provide an instruction and some relevant context.
Your job is to answer the user's instruction given the context.",What year did driver Peter Collins debut in Formula 1? Answer with the year ONLY.
"The user will provide an instruction and some relevant context.
Your job is to answer the user's instruction given the context.",What year did driver Ken Kavanagh debut in Formula 1? Answer with the year ONLY.
"The user will provide an instruction and some relevant context.
Your job is to answer the user's instruction given the context.",What year did driver Gerino Gerini debut in Formula 1? Answer with the year ONLY.
"The user will provide an instruction and some relevant context.
Your job is to answer the user's instruction given the context.",What year did driver Bruce Kessler debut in Formula 1? Answer with the year ONLY.
"The user will provide an instruction and some relevant context.
Your job is to answer the user's instruction given the context.",What year did driver Paul Emery debut in Formula 1? Answer with the year ONLY.
"The user will provide an instruction and some relevant context.
Your job is to answer the user's instruction given the context.",What year did driver Luigi Piotti debut in Formula 1? Answer with the year ONLY.
"The user will provide an instruction and some relevant context.
Your job is to answer the user's instruction given the context.",What year did driver Bernie Ecclestone debut in Formula 1? Answer with the year ONLY.
"The user will provide an instruction and some relevant context.
Your job is to answer the user's instruction given the context.",What year did driver Luigi Taramazzo debut in Formula 1? Answer with the year ONLY.
"The user will provide an instruction and some relevant context.
Your job is to answer the user's instruction given the context.",What year did driver Louis Chiron debut in Formula 1? Answer with the year ONLY.
"The user will provide an instruction and some relevant context.
Your job is to answer the user's instruction given the context.",What year did driver Stuart Lewis-Evans debut in Formula 1? Answer with the year ONLY.
"The user will provide an instruction and some relevant context.
Your job is to answer the user's instruction given the context.",What year did driver George Amick debut in Formula 1? Answer with the year ONLY.
"The user will provide an instruction and some relevant context.
Your job is to answer the user's instruction given the context.",What year did driver Jimmy Reece debut in Formula 1? Answer with the year ONLY.
"The user will provide an instruction and some relevant context.
Your job is to answer the user's instruction given the context.",What year did driver Johnnie Parsons debut in Formula 1? Answer with the year ONLY.
"The user will provide an instruction and some relevant context.
Your job is to answer the user's instruction given the context.",What year did driver Johnnie Tolan debut in Formula 1? Answer with the year ONLY.
"The user will provide an instruction and some relevant context.
Your job is to answer the user's instruction given the context.",What year did driver Billy Garrett debut in Formula 1? Answer with the year ONLY.
"The user will provide an instruction and some relevant context.
Your job is to answer the user's instruction given the context.",What year did driver Ed Elisian debut in Formula 1? Answer with the year ONLY.
"The user will provide an instruction and some relevant context.
Your job is to answer the user's instruction given the context.",What year did driver Pat O'Connor debut in Formula 1? Answer with the year ONLY.
"The user will provide an instruction and some relevant context.
Your job is to answer the user's instruction given the context.",What year did driver Jerry Unser debut in Formula 1? Answer with the year ONLY.
"The user will provide an instruction and some relevant context.
Your job is to answer the user's instruction given the context.",What year did driver Art Bisch debut in Formula 1? Answer with the year ONLY.
"The user will provide an instruction and some relevant context.
Your job is to answer the user's instruction given the context.",What year did driver Christian Goethals debut in Formula 1? Answer with the year ONLY.
"The user will provide an instruction and some relevant context.
Your job is to answer the user's instruction given the context.",What year did driver Dick Gibson debut in Formula 1? Answer with the year ONLY.
"The user will provide an instruction and some relevant context.
Your job is to answer the user's instruction given the context.",What year did driver Robert La Caze debut in Formula 1? Answer with the year ONLY.
"The user will provide an instruction and some relevant context.
Your job is to answer the user's instruction given the context.",What year did driver André Guelfi debut in Formula 1? Answer with the year ONLY.
"The user will provide an instruction and some relevant context.
Your job is to answer the user's instruction given the context.",What year did driver François Picard debut in Formula 1? Answer with the year ONLY.
"The user will provide an instruction and some relevant context.
Your job is to answer the user's instruction given the context.",What year did driver Tom Bridger debut in Formula 1? Answer with the year ONLY.
"The user will provide an instruction and some relevant context.
Your job is to answer the user's instruction given the context.",What year did driver Alfonso de Portago debut in Formula 1? Answer with the year ONLY.
"The user will provide an instruction and some relevant context.
Your job is to answer the user's instruction given the context.",What year did driver Cesare Perdisa debut in Formula 1? Answer with the year ONLY.
"The user will provide an instruction and some relevant context.
Your job is to answer the user's instruction given the context.",What year did driver Eugenio Castellotti debut in Formula 1? Answer with the year ONLY.
"The user will provide an instruction and some relevant context.
Your job is to answer the user's instruction given the context.",What year did driver André Simon debut in Formula 1? Answer with the year ONLY.
"The user will provide an instruction and some relevant context.
Your job is to answer the user's instruction given the context.",What year did driver Les Leston debut in Formula 1? Answer with the year ONLY.
"The user will provide an instruction and some relevant context.
Your job is to answer the user's instruction given the context.",What year did driver Sam Hanks debut in Formula 1? Answer with the year ONLY.
"The user will provide an instruction and some relevant context.
Your job is to answer the user's instruction given the context.",What year did driver Andy Linden debut in Formula 1? Answer with the year ONLY.
"The user will provide an instruction and some relevant context.
Your job is to answer the user's instruction given the context.",What year did driver Marshall Teague debut in Formula 1? Answer with the year ONLY.
"The user will provide an instruction and some relevant context.
Your job is to answer the user's instruction given the context.",What year did driver Don Edmunds debut in Formula 1? Answer with the year ONLY.
"The user will provide an instruction and some relevant context.
Your job is to answer the user's instruction given the context.",What year did driver Fred Agabashian debut in Formula 1? Answer with the year ONLY.
"The user will provide an instruction and some relevant context.
Your job is to answer the user's instruction given the context.",What year did driver Elmer George debut in Formula 1? Answer with the year ONLY.
"The user will provide an instruction and some relevant context.
Your job is to answer the user's instruction given the context.",What year did driver Mike MacDowel debut in Formula 1? Answer with the year ONLY.
"The user will provide an instruction and some relevant context.
Your job is to answer the user's instruction given the context.",What year did driver Herbert MacKay-Fraser debut in Formula 1? Answer with the year ONLY.
"The user will provide an instruction and some relevant context.
Your job is to answer the user's instruction given the context.",What year did driver Bob Gerard debut in Formula 1? Answer with the year ONLY.
"The user will provide an instruction and some relevant context.
Your job is to answer the user's instruction given the context.",What year did driver Umberto Maglioli debut in Formula 1? Answer with the year ONLY.
"The user will provide an instruction and some relevant context.
Your job is to answer the user's instruction given the context.",What year did driver Paul England debut in Formula 1? Answer with the year ONLY.
"The user will provide an instruction and some relevant context.
Your job is to answer the user's instruction given the context.",What year did driver Chico Landi debut in Formula 1? Answer with the year ONLY.
"The user will provide an instruction and some relevant context.
Your job is to answer the user's instruction given the context.",What year did driver Alberto Uria debut in Formula 1? Answer with the year ONLY.
"The user will provide an instruction and some relevant context.
Your job is to answer the user's instruction given the context.",What year did driver Hernando da Silva Ramos debut in Formula 1? Answer with the year ONLY.
"The user will provide an instruction and some relevant context.
Your job is to answer the user's instruction given the context.",What year did driver Élie Bayol debut in Formula 1? Answer with the year ONLY.
"The user will provide an instruction and some relevant context.
Your job is to answer the user's instruction given the context.",What year did driver Robert Manzon debut in Formula 1? Answer with the year ONLY.
"The user will provide an instruction and some relevant context.
Your job is to answer the user's instruction given the context.",What year did driver Louis Rosier debut in Formula 1? Answer with the year ONLY.
"The user will provide an instruction and some relevant context.
Your job is to answer the user's instruction given the context.",What year did driver Bob Sweikert debut in Formula 1? Answer with the year ONLY.
"The user will provide an instruction and some relevant context.
Your job is to answer the user's instruction given the context.",What year did driver Cliff Griffith debut in Formula 1? Answer with the year ONLY.
"The user will provide an instruction and some relevant context.
Your job is to answer the user's instruction given the context.",What year did driver Duke Dinsmore debut in Formula 1? Answer with the year ONLY.
"The user will provide an instruction and some relevant context.
Your job is to answer the user's instruction given the context.",What year did driver Keith Andrews debut in Formula 1? Answer with the year ONLY.
"The user will provide an instruction and some relevant context.
Your job is to answer the user's instruction given the context.",What year did driver Paul Frère debut in Formula 1? Answer with the year ONLY.
"The user will provide an instruction and some relevant context.
Your job is to answer the user's instruction given the context.",What year did driver Luigi Villoresi debut in Formula 1? Answer with the year ONLY.
"The user will provide an instruction and some relevant context.
Your job is to answer the user's instruction given the context.",What year did driver Piero Scotti debut in Formula 1? Answer with the year ONLY.
"The user will provide an instruction and some relevant context.
Your job is to answer the user's instruction given the context.",What year did driver Colin Chapman debut in Formula 1? Answer with the year ONLY.
"The user will provide an instruction and some relevant context.
Your job is to answer the user's instruction given the context.",What year did driver Desmond Titterington debut in Formula 1? Answer with the year ONLY.
"The user will provide an instruction and some relevant context.
Your job is to answer the user's instruction given the context.",What year did driver Archie Scott Brown debut in Formula 1? Answer with the year ONLY.
"The user will provide an instruction and some relevant context.
Your job is to answer the user's instruction given the context.",What year did driver Ottorino Volonterio debut in Formula 1? Answer with the year ONLY.
"The user will provide an instruction and some relevant context.
Your job is to answer the user's instruction given the context.",What year did driver André Milhoux debut in Formula 1? Answer with the year ONLY.
"The user will provide an instruction and some relevant context.
Your job is to answer the user's instruction given the context.",What year did driver Toulo de Graffenried debut in Formula 1? Answer with the year ONLY.
"The user will provide an instruction and some relevant context.
Your job is to answer the user's instruction given the context.",What year did driver Piero Taruffi debut in Formula 1? Answer with the year ONLY.
"The user will provide an instruction and some relevant context.
Your job is to answer the user's instruction given the context.",What year did driver Nino Farina debut in Formula 1? Answer with the year ONLY.
"The user will provide an instruction and some relevant context.
Your job is to answer the user's instruction given the context.",What year did driver Roberto Mieres debut in Formula 1? Answer with the year ONLY.
"The user will provide an instruction and some relevant context.
Your job is to answer the user's instruction given the context.",What year did driver Sergio Mantovani debut in Formula 1? Answer with the year ONLY.
"The user will provide an instruction and some relevant context.
Your job is to answer the user's instruction given the context.",What year did driver Clemar Bucci debut in Formula 1? Answer with the year ONLY.
"The user will provide an instruction and some relevant context.
Your job is to answer the user's instruction given the context.",What year did driver Jesús Iglesias debut in Formula 1? Answer with the year ONLY.
"The user will provide an instruction and some relevant context.
Your job is to answer the user's instruction given the context.",What year did driver Alberto Ascari debut in Formula 1? Answer with the year ONLY.
"The user will provide an instruction and some relevant context.
Your job is to answer the user's instruction given the context.",What year did driver Karl Kling debut in Formula 1? Answer with the year ONLY.
"The user will provide an instruction and some relevant context.
Your job is to answer the user's instruction given the context.",What year did driver Pablo Birger debut in Formula 1? Answer with the year ONLY.
"The user will provide an instruction and some relevant context.
Your job is to answer the user's instruction given the context.",What year did driver Jacques Pollet debut in Formula 1? Answer with the year ONLY.
"The user will provide an instruction and some relevant context.
Your job is to answer the user's instruction given the context.",What year did driver Lance Macklin debut in Formula 1? Answer with the year ONLY.
"The user will provide an instruction and some relevant context.
Your job is to answer the user's instruction given the context.",What year did driver Ted Whiteaway debut in Formula 1? Answer with the year ONLY.
"The user will provide an instruction and some relevant context.
Your job is to answer the user's instruction given the context.",What year did driver Jimmy Davies debut in Formula 1? Answer with the year ONLY.
"The user will provide an instruction and some relevant context.
Your job is to answer the user's instruction given the context.",What year did driver Walt Faulkner debut in Formula 1? Answer with the year ONLY.
"The user will provide an instruction and some relevant context.
Your job is to answer the user's instruction given the context.",What year did driver Cal Niday debut in Formula 1? Answer with the year ONLY.
"The user will provide an instruction and some relevant context.
Your job is to answer the user's instruction given the context.",What year did driver Art Cross debut in Formula 1? Answer with the year ONLY.
"The user will provide an instruction and some relevant context.
Your job is to answer the user's instruction given the context.",What year did driver Bill Vukovich debut in Formula 1? Answer with the year ONLY.
"The user will provide an instruction and some relevant context.
Your job is to answer the user's instruction given the context.",What year did driver Jack McGrath debut in Formula 1? Answer with the year ONLY.
"The user will provide an instruction and some relevant context.
Your job is to answer the user's instruction given the context.",What year did driver Jerry Hoyt debut in Formula 1? Answer with the year ONLY.
"The user will provide an instruction and some relevant context.
Your job is to answer the user's instruction given the context.",What year did driver Johnny Claes debut in Formula 1? Answer with the year ONLY.
"The user will provide an instruction and some relevant context.
Your job is to answer the user's instruction given the context.",What year did driver Peter Walker debut in Formula 1? Answer with the year ONLY.
"The user will provide an instruction and some relevant context.
Your job is to answer the user's instruction given the context.",What year did driver Mike Sparken debut in Formula 1? Answer with the year ONLY.
"The user will provide an instruction and some relevant context.
Your job is to answer the user's instruction given the context.",What year did driver Ken Wharton debut in Formula 1? Answer with the year ONLY.
"The user will provide an instruction and some relevant context.
Your job is to answer the user's instruction given the context.",What year did driver Kenneth McAlpine debut in Formula 1? Answer with the year ONLY.
"The user will provide an instruction and some relevant context.
Your job is to answer the user's instruction given the context.",What year did driver Leslie Marr debut in Formula 1? Answer with the year ONLY.
"The user will provide an instruction and some relevant context.
Your job is to answer the user's instruction given the context.",What year did driver Tony Rolt debut in Formula 1? Answer with the year ONLY.
"The user will provide an instruction and some relevant context.
Your job is to answer the user's instruction given the context.",What year did driver John Fitch debut in Formula 1? Answer with the year ONLY.
"The user will provide an instruction and some relevant context.
Your job is to answer the user's instruction given the context.",What year did driver Jean Lucas debut in Formula 1? Answer with the year ONLY.
"The user will provide an instruction and some relevant context.
Your job is to answer the user's instruction given the context.",What year did driver Prince Bira debut in Formula 1? Answer with the year ONLY.
"The user will provide an instruction and some relevant context.
Your job is to answer the user's instruction given the context.",What year did driver Onofre Marimón debut in Formula 1? Answer with the year ONLY.
"The user will provide an instruction and some relevant context.
Your job is to answer the user's instruction given the context.",What year did driver Roger Loyer debut in Formula 1? Answer with the year ONLY.
"The user will provide an instruction and some relevant context.
Your job is to answer the user's instruction given the context.",What year did driver Jorge Daponte debut in Formula 1? Answer with the year ONLY.
"The user will provide an instruction and some relevant context.
Your job is to answer the user's instruction given the context.",What year did driver Mike Nazaruk debut in Formula 1? Answer with the year ONLY.
"The user will provide an instruction and some relevant context.
Your job is to answer the user's instruction given the context.",What year did driver Larry Crockett debut in Formula 1? Answer with the year ONLY.
"The user will provide an instruction and some relevant context.
Your job is to answer the user's instruction given the context.",What year did driver Manny Ayulo debut in Formula 1? Answer with the year ONLY.
"The user will provide an instruction and some relevant context.
Your job is to answer the user's instruction given the context.",What year did driver Frank Armi debut in Formula 1? Answer with the year ONLY.
"The user will provide an instruction and some relevant context.
Your job is to answer the user's instruction given the context.",What year did driver Travis Webb debut in Formula 1? Answer with the year ONLY.
"The user will provide an instruction and some relevant context.
Your job is to answer the user's instruction given the context.",What year did driver Len Duncan debut in Formula 1? Answer with the year ONLY.
"The user will provide an instruction and some relevant context.
Your job is to answer the user's instruction given the context.",What year did driver Ernie McCoy debut in Formula 1? Answer with the year ONLY.
"The user will provide an instruction and some relevant context.
Your job is to answer the user's instruction given the context.",What year did driver Jacques Swaters debut in Formula 1? Answer with the year ONLY.
"The user will provide an instruction and some relevant context.
Your job is to answer the user's instruction given the context.",What year did driver Georges Berger debut in Formula 1? Answer with the year ONLY.
"The user will provide an instruction and some relevant context.
Your job is to answer the user's instruction given the context.",What year did driver Don Beauman debut in Formula 1? Answer with the year ONLY.
"The user will provide an instruction and some relevant context.
Your job is to answer the user's instruction given the context.",What year did driver Leslie Thorne debut in Formula 1? Answer with the year ONLY.
"The user will provide an instruction and some relevant context.
Your job is to answer the user's instruction given the context.",What year did driver Bill Whitehouse debut in Formula 1? Answer with the year ONLY.
"The user will provide an instruction and some relevant context.
Your job is to answer the user's instruction given the context.",What year did driver John Riseley-Prichard debut in Formula 1? Answer with the year ONLY.
"The user will provide an instruction and some relevant context.
Your job is to answer the user's instruction given the context.",What year did driver Reg Parnell debut in Formula 1? Answer with the year ONLY.
"The user will provide an instruction and some relevant context.
Your job is to answer the user's instruction given the context.",What year did driver Peter Whitehead debut in Formula 1? Answer with the year ONLY.
"The user will provide an instruction and some relevant context.
Your job is to answer the user's instruction given the context.",What year did driver Eric Brandon debut in Formula 1? Answer with the year ONLY.
"The user will provide an instruction and some relevant context.
Your job is to answer the user's instruction given the context.",What year did driver Alan Brown debut in Formula 1? Answer with the year ONLY.
"The user will provide an instruction and some relevant context.
Your job is to answer the user's instruction given the context.",What year did driver Rodney Nuckey debut in Formula 1? Answer with the year ONLY.
"The user will provide an instruction and some relevant context.
Your job is to answer the user's instruction given the context.",What year did driver Hermann Lang debut in Formula 1? Answer with the year ONLY.
"The user will provide an instruction and some relevant context.
Your job is to answer the user's instruction given the context.",What year did driver Theo Helfrich debut in Formula 1? Answer with the year ONLY.
"The user will provide an instruction and some relevant context.
Your job is to answer the user's instruction given the context.",What year did driver Fred Wacker debut in Formula 1? Answer with the year ONLY.
"The user will provide an instruction and some relevant context.
Your job is to answer the user's instruction given the context.",What year did driver Giovanni de Riu debut in Formula 1? Answer with the year ONLY.
"The user will provide an instruction and some relevant context.
Your job is to answer the user's instruction given the context.",What year did driver Oscar Gálvez debut in Formula 1? Answer with the year ONLY.
"The user will provide an instruction and some relevant context.
Your job is to answer the user's instruction given the context.",What year did driver John Barber debut in Formula 1? Answer with the year ONLY.
"The user will provide an instruction and some relevant context.
Your job is to answer the user's instruction given the context.",What year did driver Felice Bonetto debut in Formula 1? Answer with the year ONLY.
"The user will provide an instruction and some relevant context.
Your job is to answer the user's instruction given the context.",What year did driver Adolfo Cruz debut in Formula 1? Answer with the year ONLY.
"The user will provide an instruction and some relevant context.
Your job is to answer the user's instruction given the context.",What year did driver Duke Nalon debut in Formula 1? Answer with the year ONLY.
"The user will provide an instruction and some relevant context.
Your job is to answer the user's instruction given the context.",What year did driver Carl Scarborough debut in Formula 1? Answer with the year ONLY.
"The user will provide an instruction and some relevant context.
Your job is to answer the user's instruction given the context.",What year did driver Bill Holland debut in Formula 1? Answer with the year ONLY.
"The user will provide an instruction and some relevant context.
Your job is to answer the user's instruction given the context.",What year did driver Bob Scott debut in Formula 1? Answer with the year ONLY.
"The user will provide an instruction and some relevant context.
Your job is to answer the user's instruction given the context.",What year did driver Arthur Legat debut in Formula 1? Answer with the year ONLY.
"The user will provide an instruction and some relevant context.
Your job is to answer the user's instruction given the context.",What year did driver Yves Cabantous debut in Formula 1? Answer with the year ONLY.
"The user will provide an instruction and some relevant context.
Your job is to answer the user's instruction given the context.",What year did driver Tony Crook debut in Formula 1? Answer with the year ONLY.
"The user will provide an instruction and some relevant context.
Your job is to answer the user's instruction given the context.",What year did driver Jimmy Stewart debut in Formula 1? Answer with the year ONLY.
"The user will provide an instruction and some relevant context.
Your job is to answer the user's instruction given the context.",What year did driver Ian Stewart debut in Formula 1? Answer with the year ONLY.
"The user will provide an instruction and some relevant context.
Your job is to answer the user's instruction given the context.",What year did driver Duncan Hamilton debut in Formula 1? Answer with the year ONLY.
"The user will provide an instruction and some relevant context.
Your job is to answer the user's instruction given the context.",What year did driver Ernst Klodwig debut in Formula 1? Answer with the year ONLY.
"The user will provide an instruction and some relevant context.
Your job is to answer the user's instruction given the context.",What year did driver Rudolf Krause debut in Formula 1? Answer with the year ONLY.
"The user will provide an instruction and some relevant context.
Your job is to answer the user's instruction given the context.",What year did driver Oswald Karch debut in Formula 1? Answer with the year ONLY.
"The user will provide an instruction and some relevant context.
Your job is to answer the user's instruction given the context.",What year did driver Willi Heeks debut in Formula 1? Answer with the year ONLY.
"The user will provide an instruction and some relevant context.
Your job is to answer the user's instruction given the context.",What year did driver Theo Fitzau debut in Formula 1? Answer with the year ONLY.
"The user will provide an instruction and some relevant context.
Your job is to answer the user's instruction given the context.",What year did driver Kurt Adolff debut in Formula 1? Answer with the year ONLY.
"The user will provide an instruction and some relevant context.
Your job is to answer the user's instruction given the context.",What year did driver Günther Bechem debut in Formula 1? Answer with the year ONLY.
"The user will provide an instruction and some relevant context.
Your job is to answer the user's instruction given the context.",What year did driver Erwin Bauer debut in Formula 1? Answer with the year ONLY.
"The user will provide an instruction and some relevant context.
Your job is to answer the user's instruction given the context.",What year did driver Hans von Stuck debut in Formula 1? Answer with the year ONLY.
"The user will provide an instruction and some relevant context.
Your job is to answer the user's instruction given the context.",What year did driver Ernst Loof debut in Formula 1? Answer with the year ONLY.
"The user will provide an instruction and some relevant context.
Your job is to answer the user's instruction given the context.",What year did driver Albert Scherrer debut in Formula 1? Answer with the year ONLY.
"The user will provide an instruction and some relevant context.
Your job is to answer the user's instruction given the context.",What year did driver Max de Terra debut in Formula 1? Answer with the year ONLY.
"The user will provide an instruction and some relevant context.
Your job is to answer the user's instruction given the context.",What year did driver Peter Hirt debut in Formula 1? Answer with the year ONLY.
"The user will provide an instruction and some relevant context.
Your job is to answer the user's instruction given the context.",What year did driver Piero Carini debut in Formula 1? Answer with the year ONLY.
"The user will provide an instruction and some relevant context.
Your job is to answer the user's instruction given the context.",What year did driver Rudi Fischer debut in Formula 1? Answer with the year ONLY.
"The user will provide an instruction and some relevant context.
Your job is to answer the user's instruction given the context.",What year did driver Toni Ulmen debut in Formula 1? Answer with the year ONLY.
"The user will provide an instruction and some relevant context.
Your job is to answer the user's instruction given the context.",What year did driver George Abecassis debut in Formula 1? Answer with the year ONLY.
"The user will provide an instruction and some relevant context.
Your job is to answer the user's instruction given the context.",What year did driver George Connor debut in Formula 1? Answer with the year ONLY.
"The user will provide an instruction and some relevant context.
Your job is to answer the user's instruction given the context.",What year did driver Jim Rigsby debut in Formula 1? Answer with the year ONLY.
"The user will provide an instruction and some relevant context.
Your job is to answer the user's instruction given the context.",What year did driver Joe James debut in Formula 1? Answer with the year ONLY.
"The user will provide an instruction and some relevant context.
Your job is to answer the user's instruction given the context.",What year did driver Bill Schindler debut in Formula 1? Answer with the year ONLY.
"The user will provide an instruction and some relevant context.
Your job is to answer the user's instruction given the context.",What year did driver George Fonder debut in Formula 1? Answer with the year ONLY.
"The user will provide an instruction and some relevant context.
Your job is to answer the user's instruction given the context.",What year did driver Henry Banks debut in Formula 1? Answer with the year ONLY.
"The user will provide an instruction and some relevant context.
Your job is to answer the user's instruction given the context.",What year did driver Johnny McDowell debut in Formula 1? Answer with the year ONLY.
"The user will provide an instruction and some relevant context.
Your job is to answer the user's instruction given the context.",What year did driver Chet Miller debut in Formula 1? Answer with the year ONLY.
"The user will provide an instruction and some relevant context.
Your job is to answer the user's instruction given the context.",What year did driver Bobby Ball debut in Formula 1? Answer with the year ONLY.
"The user will provide an instruction and some relevant context.
Your job is to answer the user's instruction given the context.",What year did driver Charles de Tornaco debut in Formula 1? Answer with the year ONLY.
"The user will provide an instruction and some relevant context.
Your job is to answer the user's instruction given the context.",What year did driver Roger Laurent debut in Formula 1? Answer with the year ONLY.
"The user will provide an instruction and some relevant context.
Your job is to answer the user's instruction given the context.",What year did driver Robert O'Brien debut in Formula 1? Answer with the year ONLY.
"The user will provide an instruction and some relevant context.
Your job is to answer the user's instruction given the context.",What year did driver Tony Gaze debut in Formula 1? Answer with the year ONLY.
"The user will provide an instruction and some relevant context.
Your job is to answer the user's instruction given the context.",What year did driver Robin Montgomerie-Charrington debut in Formula 1? Answer with the year ONLY.
"The user will provide an instruction and some relevant context.
Your job is to answer the user's instruction given the context.",What year did driver Franco Comotti debut in Formula 1? Answer with the year ONLY.
"The user will provide an instruction and some relevant context.
Your job is to answer the user's instruction given the context.",What year did driver Philippe Étancelin debut in Formula 1? Answer with the year ONLY.
"The user will provide an instruction and some relevant context.
Your job is to answer the user's instruction given the context.",What year did driver Dennis Poore debut in Formula 1? Answer with the year ONLY.
"The user will provide an instruction and some relevant context.
Your job is to answer the user's instruction given the context.",What year did driver Eric Thompson debut in Formula 1? Answer with the year ONLY.
"The user will provide an instruction and some relevant context.
Your job is to answer the user's instruction given the context.",What year did driver Ken Downing debut in Formula 1? Answer with the year ONLY.
"The user will provide an instruction and some relevant context.
Your job is to answer the user's instruction given the context.",What year did driver Graham Whitehead debut in Formula 1? Answer with the year ONLY.
"The user will provide an instruction and some relevant context.
Your job is to answer the user's instruction given the context.",What year did driver Gino Bianco debut in Formula 1? Answer with the year ONLY.
"The user will provide an instruction and some relevant context.
Your job is to answer the user's instruction given the context.",What year did driver David Murray debut in Formula 1? Answer with the year ONLY.
"The user will provide an instruction and some relevant context.
Your job is to answer the user's instruction given the context.",What year did driver Eitel Cantoni debut in Formula 1? Answer with the year ONLY.
"The user will provide an instruction and some relevant context.
Your job is to answer the user's instruction given the context.",What year did driver Bill Aston debut in Formula 1? Answer with the year ONLY.
"The user will provide an instruction and some relevant context.
Your job is to answer the user's instruction given the context.",What year did driver Adolf Brudes debut in Formula 1? Answer with the year ONLY.
"The user will provide an instruction and some relevant context.
Your job is to answer the user's instruction given the context.",What year did driver Fritz Riess debut in Formula 1? Answer with the year ONLY.
"The user will provide an instruction and some relevant context.
Your job is to answer the user's instruction given the context.",What year did driver Helmut Niedermayr debut in Formula 1? Answer with the year ONLY.
"The user will provide an instruction and some relevant context.
Your job is to answer the user's instruction given the context.",What year did driver Hans Klenk debut in Formula 1? Answer with the year ONLY.
"The user will provide an instruction and some relevant context.
Your job is to answer the user's instruction given the context.",What year did driver Marcel Balsa debut in Formula 1? Answer with the year ONLY.
"The user will provide an instruction and some relevant context.
Your job is to answer the user's instruction given the context.",What year did driver Rudolf Schoeller debut in Formula 1? Answer with the year ONLY.
"The user will provide an instruction and some relevant context.
Your job is to answer the user's instruction given the context.",What year did driver Paul Pietsch debut in Formula 1? Answer with the year ONLY.
"The user will provide an instruction and some relevant context.
Your job is to answer the user's instruction given the context.",What year did driver Josef Peters debut in Formula 1? Answer with the year ONLY.
"The user will provide an instruction and some relevant context.
Your job is to answer the user's instruction given the context.",What year did driver Dries van der Lof debut in Formula 1? Answer with the year ONLY.
"The user will provide an instruction and some relevant context.
Your job is to answer the user's instruction given the context.",What year did driver Jan Flinterman debut in Formula 1? Answer with the year ONLY.
"The user will provide an instruction and some relevant context.
Your job is to answer the user's instruction given the context.",What year did driver Piero Dusio debut in Formula 1? Answer with the year ONLY.
"The user will provide an instruction and some relevant context.
Your job is to answer the user's instruction given the context.",What year did driver Alberto Crespo debut in Formula 1? Answer with the year ONLY.
"The user will provide an instruction and some relevant context.
Your job is to answer the user's instruction given the context.",What year did driver Franco Rol debut in Formula 1? Answer with the year ONLY.
"The user will provide an instruction and some relevant context.
Your job is to answer the user's instruction given the context.",What year did driver Consalvo Sanesi debut in Formula 1? Answer with the year ONLY.
"The user will provide an instruction and some relevant context.
Your job is to answer the user's instruction given the context.",What year did driver Guy Mairesse debut in Formula 1? Answer with the year ONLY.
"The user will provide an instruction and some relevant context.
Your job is to answer the user's instruction given the context.",What year did driver Henri Louveau debut in Formula 1? Answer with the year ONLY.
"The user will provide an instruction and some relevant context.
Your job is to answer the user's instruction given the context.",What year did driver Lee Wallard debut in Formula 1? Answer with the year ONLY.
"The user will provide an instruction and some relevant context.
Your job is to answer the user's instruction given the context.",What year did driver Carl Forberg debut in Formula 1? Answer with the year ONLY.
"The user will provide an instruction and some relevant context.
Your job is to answer the user's instruction given the context.",What year did driver Mauri Rose debut in Formula 1? Answer with the year ONLY.
"The user will provide an instruction and some relevant context.
Your job is to answer the user's instruction given the context.",What year did driver Bill Mackey debut in Formula 1? Answer with the year ONLY.
"The user will provide an instruction and some relevant context.
Your job is to answer the user's instruction given the context.",What year did driver Cecil Green debut in Formula 1? Answer with the year ONLY.
"The user will provide an instruction and some relevant context.
Your job is to answer the user's instruction given the context.",What year did driver Walt Brown debut in Formula 1? Answer with the year ONLY.
"The user will provide an instruction and some relevant context.
Your job is to answer the user's instruction given the context.",What year did driver Mack Hellings debut in Formula 1? Answer with the year ONLY.
"The user will provide an instruction and some relevant context.
Your job is to answer the user's instruction given the context.",What year did driver Pierre Levegh debut in Formula 1? Answer with the year ONLY.
"The user will provide an instruction and some relevant context.
Your job is to answer the user's instruction given the context.",What year did driver Eugène Chaboud debut in Formula 1? Answer with the year ONLY.
"The user will provide an instruction and some relevant context.
Your job is to answer the user's instruction given the context.",What year did driver Aldo Gordini debut in Formula 1? Answer with the year ONLY.
"The user will provide an instruction and some relevant context.
Your job is to answer the user's instruction given the context.",What year did driver Joe Kelly debut in Formula 1? Answer with the year ONLY.
"The user will provide an instruction and some relevant context.
Your job is to answer the user's instruction given the context.",What year did driver Philip Fotheringham-Parker debut in Formula 1? Answer with the year ONLY.
"The user will provide an instruction and some relevant context.
Your job is to answer the user's instruction given the context.",What year did driver Brian Shawe Taylor debut in Formula 1? Answer with the year ONLY.
"The user will provide an instruction and some relevant context.
Your job is to answer the user's instruction given the context.",What year did driver John James debut in Formula 1? Answer with the year ONLY.
"The user will provide an instruction and some relevant context.
Your job is to answer the user's instruction given the context.",What year did driver Toni Branca debut in Formula 1? Answer with the year ONLY.
"The user will provide an instruction and some relevant context.
Your job is to answer the user's instruction given the context.",What year did driver Ken Richardson debut in Formula 1? Answer with the year ONLY.
"The user will provide an instruction and some relevant context.
Your job is to answer the user's instruction given the context.",What year did driver Juan Jover debut in Formula 1? Answer with the year ONLY.
"The user will provide an instruction and some relevant context.
Your job is to answer the user's instruction given the context.",What year did driver Georges Grignard debut in Formula 1? Answer with the year ONLY.
"The user will provide an instruction and some relevant context.
Your job is to answer the user's instruction given the context.",What year did driver David Hampshire debut in Formula 1? Answer with the year ONLY.
"The user will provide an instruction and some relevant context.
Your job is to answer the user's instruction given the context.",What year did driver Geoff Crossley debut in Formula 1? Answer with the year ONLY.
"The user will provide an instruction and some relevant context.
Your job is to answer the user's instruction given the context.",What year did driver Luigi Fagioli debut in Formula 1? Answer with the year ONLY.
"The user will provide an instruction and some relevant context.
Your job is to answer the user's instruction given the context.",What year did driver Cuth Harrison debut in Formula 1? Answer with the year ONLY.
"The user will provide an instruction and some relevant context.
Your job is to answer the user's instruction given the context.",What year did driver Joe Fry debut in Formula 1? Answer with the year ONLY.
"The user will provide an instruction and some relevant context.
Your job is to answer the user's instruction given the context.",What year did driver Eugène Martin debut in Formula 1? Answer with the year ONLY.
"The user will provide an instruction and some relevant context.
Your job is to answer the user's instruction given the context.",What year did driver Leslie Johnson debut in Formula 1? Answer with the year ONLY.
"The user will provide an instruction and some relevant context.
Your job is to answer the user's instruction given the context.",What year did driver Clemente Biondetti debut in Formula 1? Answer with the year ONLY.
"The user will provide an instruction and some relevant context.
Your job is to answer the user's instruction given the context.",What year did driver Alfredo Pián debut in Formula 1? Answer with the year ONLY.
"The user will provide an instruction and some relevant context.
Your job is to answer the user's instruction given the context.",What year did driver Raymond Sommer debut in Formula 1? Answer with the year ONLY.
"The user will provide an instruction and some relevant context.
Your job is to answer the user's instruction given the context.",What year did driver Joie Chitwood debut in Formula 1? Answer with the year ONLY.
"The user will provide an instruction and some relevant context.
Your job is to answer the user's instruction given the context.",What year did driver Myron Fohr debut in Formula 1? Answer with the year ONLY.
"The user will provide an instruction and some relevant context.
Your job is to answer the user's instruction given the context.",What year did driver Walt Ader debut in Formula 1? Answer with the year ONLY.
"The user will provide an instruction and some relevant context.
Your job is to answer the user's instruction given the context.",What year did driver Jackie Holmes debut in Formula 1? Answer with the year ONLY.
"The user will provide an instruction and some relevant context.
Your job is to answer the user's instruction given the context.",What year did driver Bayliss Levrett debut in Formula 1? Answer with the year ONLY.
"The user will provide an instruction and some relevant context.
Your job is to answer the user's instruction given the context.",What year did driver Jimmy Jackson debut in Formula 1? Answer with the year ONLY.
"The user will provide an instruction and some relevant context.
Your job is to answer the user's instruction given the context.",What year did driver Nello Pagani debut in Formula 1? Answer with the year ONLY.
"The user will provide an instruction and some relevant context.
Your job is to answer the user's instruction given the context.",What year did driver Charles Pozzi debut in Formula 1? Answer with the year ONLY.
"The user will provide an instruction and some relevant context.
Your job is to answer the user's instruction given the context.",What year did driver Dorino Serafini debut in Formula 1? Answer with the year ONLY.
"The user will provide an instruction and some relevant context.
Your job is to answer the user's instruction given the context.",What year did driver Bill Cantrell debut in Formula 1? Answer with the year ONLY.
"The user will provide an instruction and some relevant context.
Your job is to answer the user's instruction given the context.",What year did driver Johnny Mantz debut in Formula 1? Answer with the year ONLY.
"The user will provide an instruction and some relevant context.
Your job is to answer the user's instruction given the context.",What year did driver Danny Kladis debut in Formula 1? Answer with the year ONLY.
"The user will provide an instruction and some relevant context.
Your job is to answer the user's instruction given the context.",What year did driver Óscar González debut in Formula 1? Answer with the year ONLY.
"The user will provide an instruction and some relevant context.
Your job is to answer the user's instruction given the context.",What year did driver Nico Hülkenberg debut in Formula 1? Answer with the year ONLY.
"The user will provide an instruction and some relevant context.
Your job is to answer the user's instruction given the context.",What year did driver Vitaly Petrov debut in Formula 1? Answer with the year ONLY.
"The user will provide an instruction and some relevant context.
Your job is to answer the user's instruction given the context.",What year did driver Lucas di Grassi debut in Formula 1? Answer with the year ONLY.
"The user will provide an instruction and some relevant context.
Your job is to answer the user's instruction given the context.",What year did driver Bruno Senna debut in Formula 1? Answer with the year ONLY.
"The user will provide an instruction and some relevant context.
Your job is to answer the user's instruction given the context.",What year did driver Karun Chandhok debut in Formula 1? Answer with the year ONLY.
"The user will provide an instruction and some relevant context.
Your job is to answer the user's instruction given the context.",What year did driver Pastor Maldonado debut in Formula 1? Answer with the year ONLY.
"The user will provide an instruction and some relevant context.
Your job is to answer the user's instruction given the context.",What year did driver Paul di Resta debut in Formula 1? Answer with the year ONLY.
"The user will provide an instruction and some relevant context.
Your job is to answer the user's instruction given the context.",What year did driver Sergio Pérez debut in Formula 1? Answer with the year ONLY.
"The user will provide an instruction and some relevant context.
Your job is to answer the user's instruction given the context.",What year did driver Jérôme d'Ambrosio debut in Formula 1? Answer with the year ONLY.
"The user will provide an instruction and some relevant context.
Your job is to answer the user's instruction given the context.",What year did driver Daniel Ricciardo debut in Formula 1? Answer with the year ONLY.
"The user will provide an instruction and some relevant context.
Your job is to answer the user's instruction given the context.",What year did driver Jean-Éric Vergne debut in Formula 1? Answer with the year ONLY.
"The user will provide an instruction and some relevant context.
Your job is to answer the user's instruction given the context.",What year did driver Charles Pic debut in Formula 1? Answer with the year ONLY.
"The user will provide an instruction and some relevant context.
Your job is to answer the user's instruction given the context.",What year did driver Max Chilton debut in Formula 1? Answer with the year ONLY.
"The user will provide an instruction and some relevant context.
Your job is to answer the user's instruction given the context.",What year did driver Esteban Gutiérrez debut in Formula 1? Answer with the year ONLY.
"The user will provide an instruction and some relevant context.
Your job is to answer the user's instruction given the context.",What year did driver Valtteri Bottas debut in Formula 1? Answer with the year ONLY.
"The user will provide an instruction and some relevant context.
Your job is to answer the user's instruction given the context.",What year did driver Giedo van der Garde debut in Formula 1? Answer with the year ONLY.
"The user will provide an instruction and some relevant context.
Your job is to answer the user's instruction given the context.",What year did driver Jules Bianchi debut in Formula 1? Answer with the year ONLY.
"The user will provide an instruction and some relevant context.
Your job is to answer the user's instruction given the context.",What year did driver Kevin Magnussen debut in Formula 1? Answer with the year ONLY.
"The user will provide an instruction and some relevant context.
Your job is to answer the user's instruction given the context.",What year did driver Daniil Kvyat debut in Formula 1? Answer with the year ONLY.
"The user will provide an instruction and some relevant context.
Your job is to answer the user's instruction given the context.",What year did driver André Lotterer debut in Formula 1? Answer with the year ONLY.
"The user will provide an instruction and some relevant context.
Your job is to answer the user's instruction given the context.",What year did driver Marcus Ericsson debut in Formula 1? Answer with the year ONLY.
"The user will provide an instruction and some relevant context.
Your job is to answer the user's instruction given the context.",What year did driver Will Stevens debut in Formula 1? Answer with the year ONLY.
"The user will provide an instruction and some relevant context.
Your job is to answer the user's instruction given the context.",What year did driver Max Verstappen debut in Formula 1? Answer with the year ONLY.
"The user will provide an instruction and some relevant context.
Your job is to answer the user's instruction given the context.",What year did driver Felipe Nasr debut in Formula 1? Answer with the year ONLY.
"The user will provide an instruction and some relevant context.
Your job is to answer the user's instruction given the context.",What year did driver Carlos Sainz debut in Formula 1? Answer with the year ONLY.
"The user will provide an instruction and some relevant context.
Your job is to answer the user's instruction given the context.",What year did driver Roberto Merhi debut in Formula 1? Answer with the year ONLY.
"The user will provide an instruction and some relevant context.
Your job is to answer the user's instruction given the context.",What year did driver Alexander Rossi debut in Formula 1? Answer with the year ONLY.
"The user will provide an instruction and some relevant context.
Your job is to answer the user's instruction given the context.",What year did driver Jolyon Palmer debut in Formula 1? Answer with the year ONLY.
"The user will provide an instruction and some relevant context.
Your job is to answer the user's instruction given the context.",What year did driver Pascal Wehrlein debut in Formula 1? Answer with the year ONLY.
"The user will provide an instruction and some relevant context.
Your job is to answer the user's instruction given the context.",What year did driver Rio Haryanto debut in Formula 1? Answer with the year ONLY.
"The user will provide an instruction and some relevant context.
Your job is to answer the user's instruction given the context.",What year did driver Stoffel Vandoorne debut in Formula 1? Answer with the year ONLY.
"The user will provide an instruction and some relevant context.
Your job is to answer the user's instruction given the context.",What year did driver Esteban Ocon debut in Formula 1? Answer with the year ONLY.
"The user will provide an instruction and some relevant context.
Your job is to answer the user's instruction given the context.",What year did driver Lance Stroll debut in Formula 1? Answer with the year ONLY.
"The user will provide an instruction and some relevant context.
Your job is to answer the user's instruction given the context.",What year did driver Antonio Giovinazzi debut in Formula 1? Answer with the year ONLY.
