system,user
"The user will provide a claim and some relevant context.
Your job is to determine whether the claim is true for the given context.
You must answer with a single word, ""True"" or ""False"".",Hayward is a city in the Silicon Valley region
"The user will provide a claim and some relevant context.
Your job is to determine whether the claim is true for the given context.
You must answer with a single word, ""True"" or ""False"".",Newark is a city in the Silicon Valley region
"The user will provide a claim and some relevant context.
Your job is to determine whether the claim is true for the given context.
You must answer with a single word, ""True"" or ""False"".",Oakland is a city in the Silicon Valley region
"The user will provide a claim and some relevant context.
Your job is to determine whether the claim is true for the given context.
You must answer with a single word, ""True"" or ""False"".",Berkeley is a city in the Silicon Valley region
"The user will provide a claim and some relevant context.
Your job is to determine whether the claim is true for the given context.
You must answer with a single word, ""True"" or ""False"".",San Leandro is a city in the Silicon Valley region
"The user will provide a claim and some relevant context.
Your job is to determine whether the claim is true for the given context.
You must answer with a single word, ""True"" or ""False"".",nan is a city in the Silicon Valley region
"The user will provide a claim and some relevant context.
Your job is to determine whether the claim is true for the given context.
You must answer with a single word, ""True"" or ""False"".",Dublin is a city in the Silicon Valley region
"The user will provide a claim and some relevant context.
Your job is to determine whether the claim is true for the given context.
You must answer with a single word, ""True"" or ""False"".",Fremont is a city in the Silicon Valley region
"The user will provide a claim and some relevant context.
Your job is to determine whether the claim is true for the given context.
You must answer with a single word, ""True"" or ""False"".",Sacramento is a city in the Silicon Valley region
"The user will provide a claim and some relevant context.
Your job is to determine whether the claim is true for the given context.
You must answer with a single word, ""True"" or ""False"".",Alameda is a city in the Silicon Valley region
"The user will provide a claim and some relevant context.
Your job is to determine whether the claim is true for the given context.
You must answer with a single word, ""True"" or ""False"".",Albany is a city in the Silicon Valley region
"The user will provide a claim and some relevant context.
Your job is to determine whether the claim is true for the given context.
You must answer with a single word, ""True"" or ""False"".",Pleasanton is a city in the Silicon Valley region
"The user will provide a claim and some relevant context.
Your job is to determine whether the claim is true for the given context.
You must answer with a single word, ""True"" or ""False"".",Castro Valley is a city in the Silicon Valley region
"The user will provide a claim and some relevant context.
Your job is to determine whether the claim is true for the given context.
You must answer with a single word, ""True"" or ""False"".",Emeryville is a city in the Silicon Valley region
"The user will provide a claim and some relevant context.
Your job is to determine whether the claim is true for the given context.
You must answer with a single word, ""True"" or ""False"".",Livermore is a city in the Silicon Valley region
"The user will provide a claim and some relevant context.
Your job is to determine whether the claim is true for the given context.
You must answer with a single word, ""True"" or ""False"".",Byron is a city in the Silicon Valley region
"The user will provide a claim and some relevant context.
Your job is to determine whether the claim is true for the given context.
You must answer with a single word, ""True"" or ""False"".",Union City is a city in the Silicon Valley region
"The user will provide a claim and some relevant context.
Your job is to determine whether the claim is true for the given context.
You must answer with a single word, ""True"" or ""False"".",Piedmont is a city in the Silicon Valley region
"The user will provide a claim and some relevant context.
Your job is to determine whether the claim is true for the given context.
You must answer with a single word, ""True"" or ""False"".",San Lorenzo is a city in the Silicon Valley region
"The user will provide a claim and some relevant context.
Your job is to determine whether the claim is true for the given context.
You must answer with a single word, ""True"" or ""False"".",Sunol is a city in the Silicon Valley region
"The user will provide a claim and some relevant context.
Your job is to determine whether the claim is true for the given context.
You must answer with a single word, ""True"" or ""False"".",Markleeville is a city in the Silicon Valley region
"The user will provide a claim and some relevant context.
Your job is to determine whether the claim is true for the given context.
You must answer with a single word, ""True"" or ""False"".",Bear Valley is a city in the Silicon Valley region
"The user will provide a claim and some relevant context.
Your job is to determine whether the claim is true for the given context.
You must answer with a single word, ""True"" or ""False"".",Kirkwood is a city in the Silicon Valley region
"The user will provide a claim and some relevant context.
Your job is to determine whether the claim is true for the given context.
You must answer with a single word, ""True"" or ""False"".",Alpine is a city in the Silicon Valley region
"The user will provide a claim and some relevant context.
Your job is to determine whether the claim is true for the given context.
You must answer with a single word, ""True"" or ""False"".",Jackson is a city in the Silicon Valley region
"The user will provide a claim and some relevant context.
Your job is to determine whether the claim is true for the given context.
You must answer with a single word, ""True"" or ""False"".",Pioneer is a city in the Silicon Valley region
"The user will provide a claim and some relevant context.
Your job is to determine whether the claim is true for the given context.
You must answer with a single word, ""True"" or ""False"".",Plymouth is a city in the Silicon Valley region
"The user will provide a claim and some relevant context.
Your job is to determine whether the claim is true for the given context.
You must answer with a single word, ""True"" or ""False"".",Sutter Creek is a city in the Silicon Valley region
"The user will provide a claim and some relevant context.
Your job is to determine whether the claim is true for the given context.
You must answer with a single word, ""True"" or ""False"".",Ione is a city in the Silicon Valley region
"The user will provide a claim and some relevant context.
Your job is to determine whether the claim is true for the given context.
You must answer with a single word, ""True"" or ""False"".",Oroville is a city in the Silicon Valley region
"The user will provide a claim and some relevant context.
Your job is to determine whether the claim is true for the given context.
You must answer with a single word, ""True"" or ""False"".",Chico is a city in the Silicon Valley region
"The user will provide a claim and some relevant context.
Your job is to determine whether the claim is true for the given context.
You must answer with a single word, ""True"" or ""False"".",Paradise is a city in the Silicon Valley region
"The user will provide a claim and some relevant context.
Your job is to determine whether the claim is true for the given context.
You must answer with a single word, ""True"" or ""False"".",Bangor is a city in the Silicon Valley region
"The user will provide a claim and some relevant context.
Your job is to determine whether the claim is true for the given context.
You must answer with a single word, ""True"" or ""False"".",Biggs is a city in the Silicon Valley region
"The user will provide a claim and some relevant context.
Your job is to determine whether the claim is true for the given context.
You must answer with a single word, ""True"" or ""False"".",Richvale is a city in the Silicon Valley region
"The user will provide a claim and some relevant context.
Your job is to determine whether the claim is true for the given context.
You must answer with a single word, ""True"" or ""False"".",Forest Ranch is a city in the Silicon Valley region
"The user will provide a claim and some relevant context.
Your job is to determine whether the claim is true for the given context.
You must answer with a single word, ""True"" or ""False"".",Ontario is a city in the Silicon Valley region
"The user will provide a claim and some relevant context.
Your job is to determine whether the claim is true for the given context.
You must answer with a single word, ""True"" or ""False"".",Durham is a city in the Silicon Valley region
"The user will provide a claim and some relevant context.
Your job is to determine whether the claim is true for the given context.
You must answer with a single word, ""True"" or ""False"".",Gridley is a city in the Silicon Valley region
"The user will provide a claim and some relevant context.
Your job is to determine whether the claim is true for the given context.
You must answer with a single word, ""True"" or ""False"".",Palermo is a city in the Silicon Valley region
"The user will provide a claim and some relevant context.
Your job is to determine whether the claim is true for the given context.
You must answer with a single word, ""True"" or ""False"".",Magalia is a city in the Silicon Valley region
"The user will provide a claim and some relevant context.
Your job is to determine whether the claim is true for the given context.
You must answer with a single word, ""True"" or ""False"".",Stirling City is a city in the Silicon Valley region
"The user will provide a claim and some relevant context.
Your job is to determine whether the claim is true for the given context.
You must answer with a single word, ""True"" or ""False"".",Berry Creek is a city in the Silicon Valley region
"The user will provide a claim and some relevant context.
Your job is to determine whether the claim is true for the given context.
You must answer with a single word, ""True"" or ""False"".",Angels Camp is a city in the Silicon Valley region
"The user will provide a claim and some relevant context.
Your job is to determine whether the claim is true for the given context.
You must answer with a single word, ""True"" or ""False"".",San Andreas is a city in the Silicon Valley region
"The user will provide a claim and some relevant context.
Your job is to determine whether the claim is true for the given context.
You must answer with a single word, ""True"" or ""False"".",Altaville is a city in the Silicon Valley region
"The user will provide a claim and some relevant context.
Your job is to determine whether the claim is true for the given context.
You must answer with a single word, ""True"" or ""False"".",Arnold is a city in the Silicon Valley region
"The user will provide a claim and some relevant context.
Your job is to determine whether the claim is true for the given context.
You must answer with a single word, ""True"" or ""False"".",Copperopolis is a city in the Silicon Valley region
"The user will provide a claim and some relevant context.
Your job is to determine whether the claim is true for the given context.
You must answer with a single word, ""True"" or ""False"".",Jenny Lind is a city in the Silicon Valley region
"The user will provide a claim and some relevant context.
Your job is to determine whether the claim is true for the given context.
You must answer with a single word, ""True"" or ""False"".",Rail Road Flat is a city in the Silicon Valley region
"The user will provide a claim and some relevant context.
Your job is to determine whether the claim is true for the given context.
You must answer with a single word, ""True"" or ""False"".",Valley Springs is a city in the Silicon Valley region
"The user will provide a claim and some relevant context.
Your job is to determine whether the claim is true for the given context.
You must answer with a single word, ""True"" or ""False"".",San Andrea is a city in the Silicon Valley region
"The user will provide a claim and some relevant context.
Your job is to determine whether the claim is true for the given context.
You must answer with a single word, ""True"" or ""False"".",Mokelumne Hill is a city in the Silicon Valley region
"The user will provide a claim and some relevant context.
Your job is to determine whether the claim is true for the given context.
You must answer with a single word, ""True"" or ""False"".",West Point is a city in the Silicon Valley region
"The user will provide a claim and some relevant context.
Your job is to determine whether the claim is true for the given context.
You must answer with a single word, ""True"" or ""False"".",Avery is a city in the Silicon Valley region
"The user will provide a claim and some relevant context.
Your job is to determine whether the claim is true for the given context.
You must answer with a single word, ""True"" or ""False"".",Vallecito is a city in the Silicon Valley region
"The user will provide a claim and some relevant context.
Your job is to determine whether the claim is true for the given context.
You must answer with a single word, ""True"" or ""False"".",Murphys is a city in the Silicon Valley region
"The user will provide a claim and some relevant context.
Your job is to determine whether the claim is true for the given context.
You must answer with a single word, ""True"" or ""False"".",Colusa is a city in the Silicon Valley region
"The user will provide a claim and some relevant context.
Your job is to determine whether the claim is true for the given context.
You must answer with a single word, ""True"" or ""False"".",Williams is a city in the Silicon Valley region
"The user will provide a claim and some relevant context.
Your job is to determine whether the claim is true for the given context.
You must answer with a single word, ""True"" or ""False"".",Stonyford is a city in the Silicon Valley region
"The user will provide a claim and some relevant context.
Your job is to determine whether the claim is true for the given context.
You must answer with a single word, ""True"" or ""False"".",Maxwell is a city in the Silicon Valley region
"The user will provide a claim and some relevant context.
Your job is to determine whether the claim is true for the given context.
You must answer with a single word, ""True"" or ""False"".",Arbuckle is a city in the Silicon Valley region
"The user will provide a claim and some relevant context.
Your job is to determine whether the claim is true for the given context.
You must answer with a single word, ""True"" or ""False"".",Grimes is a city in the Silicon Valley region
"The user will provide a claim and some relevant context.
Your job is to determine whether the claim is true for the given context.
You must answer with a single word, ""True"" or ""False"".",Pleasant Hill is a city in the Silicon Valley region
"The user will provide a claim and some relevant context.
Your job is to determine whether the claim is true for the given context.
You must answer with a single word, ""True"" or ""False"".",Brentwood is a city in the Silicon Valley region
"The user will provide a claim and some relevant context.
Your job is to determine whether the claim is true for the given context.
You must answer with a single word, ""True"" or ""False"".",Alamo is a city in the Silicon Valley region
"The user will provide a claim and some relevant context.
Your job is to determine whether the claim is true for the given context.
You must answer with a single word, ""True"" or ""False"".",Antioch is a city in the Silicon Valley region
"The user will provide a claim and some relevant context.
Your job is to determine whether the claim is true for the given context.
You must answer with a single word, ""True"" or ""False"".",Richmond is a city in the Silicon Valley region
"The user will provide a claim and some relevant context.
Your job is to determine whether the claim is true for the given context.
You must answer with a single word, ""True"" or ""False"".",Martinez is a city in the Silicon Valley region
"The user will provide a claim and some relevant context.
Your job is to determine whether the claim is true for the given context.
You must answer with a single word, ""True"" or ""False"".",El Cerrito is a city in the Silicon Valley region
"The user will provide a claim and some relevant context.
Your job is to determine whether the claim is true for the given context.
You must answer with a single word, ""True"" or ""False"".",Walnut Creek is a city in the Silicon Valley region
"The user will provide a claim and some relevant context.
Your job is to determine whether the claim is true for the given context.
You must answer with a single word, ""True"" or ""False"".",Pittsburg is a city in the Silicon Valley region
"The user will provide a claim and some relevant context.
Your job is to determine whether the claim is true for the given context.
You must answer with a single word, ""True"" or ""False"".",Concord is a city in the Silicon Valley region
"The user will provide a claim and some relevant context.
Your job is to determine whether the claim is true for the given context.
You must answer with a single word, ""True"" or ""False"".",San Ramon is a city in the Silicon Valley region
"The user will provide a claim and some relevant context.
Your job is to determine whether the claim is true for the given context.
You must answer with a single word, ""True"" or ""False"".",Lafayette is a city in the Silicon Valley region
"The user will provide a claim and some relevant context.
Your job is to determine whether the claim is true for the given context.
You must answer with a single word, ""True"" or ""False"".",San Pablo is a city in the Silicon Valley region
"The user will provide a claim and some relevant context.
Your job is to determine whether the claim is true for the given context.
You must answer with a single word, ""True"" or ""False"".",Kensington is a city in the Silicon Valley region
"The user will provide a claim and some relevant context.
Your job is to determine whether the claim is true for the given context.
You must answer with a single word, ""True"" or ""False"".",Moraga is a city in the Silicon Valley region
"The user will provide a claim and some relevant context.
Your job is to determine whether the claim is true for the given context.
You must answer with a single word, ""True"" or ""False"".",Orinda is a city in the Silicon Valley region
"The user will provide a claim and some relevant context.
Your job is to determine whether the claim is true for the given context.
You must answer with a single word, ""True"" or ""False"".",Oakley is a city in the Silicon Valley region
"The user will provide a claim and some relevant context.
Your job is to determine whether the claim is true for the given context.
You must answer with a single word, ""True"" or ""False"".",Discovery Bay is a city in the Silicon Valley region
"The user will provide a claim and some relevant context.
Your job is to determine whether the claim is true for the given context.
You must answer with a single word, ""True"" or ""False"".",Canyon is a city in the Silicon Valley region
"The user will provide a claim and some relevant context.
Your job is to determine whether the claim is true for the given context.
You must answer with a single word, ""True"" or ""False"".",Rodeo is a city in the Silicon Valley region
"The user will provide a claim and some relevant context.
Your job is to determine whether the claim is true for the given context.
You must answer with a single word, ""True"" or ""False"".",Crockett is a city in the Silicon Valley region
"The user will provide a claim and some relevant context.
Your job is to determine whether the claim is true for the given context.
You must answer with a single word, ""True"" or ""False"".",Knightsen is a city in the Silicon Valley region
"The user will provide a claim and some relevant context.
Your job is to determine whether the claim is true for the given context.
You must answer with a single word, ""True"" or ""False"".",Bay Point is a city in the Silicon Valley region
"The user will provide a claim and some relevant context.
Your job is to determine whether the claim is true for the given context.
You must answer with a single word, ""True"" or ""False"".",Clayton is a city in the Silicon Valley region
"The user will provide a claim and some relevant context.
Your job is to determine whether the claim is true for the given context.
You must answer with a single word, ""True"" or ""False"".",Pinole is a city in the Silicon Valley region
"The user will provide a claim and some relevant context.
Your job is to determine whether the claim is true for the given context.
You must answer with a single word, ""True"" or ""False"".",Hercules is a city in the Silicon Valley region
"The user will provide a claim and some relevant context.
Your job is to determine whether the claim is true for the given context.
You must answer with a single word, ""True"" or ""False"".",El Sobrante is a city in the Silicon Valley region
"The user will provide a claim and some relevant context.
Your job is to determine whether the claim is true for the given context.
You must answer with a single word, ""True"" or ""False"".",Danville is a city in the Silicon Valley region
"The user will provide a claim and some relevant context.
Your job is to determine whether the claim is true for the given context.
You must answer with a single word, ""True"" or ""False"".",Crescent City is a city in the Silicon Valley region
"The user will provide a claim and some relevant context.
Your job is to determine whether the claim is true for the given context.
You must answer with a single word, ""True"" or ""False"".",Gasquet is a city in the Silicon Valley region
"The user will provide a claim and some relevant context.
Your job is to determine whether the claim is true for the given context.
You must answer with a single word, ""True"" or ""False"".",Cresent City is a city in the Silicon Valley region
"The user will provide a claim and some relevant context.
Your job is to determine whether the claim is true for the given context.
You must answer with a single word, ""True"" or ""False"".",Klamath is a city in the Silicon Valley region
"The user will provide a claim and some relevant context.
Your job is to determine whether the claim is true for the given context.
You must answer with a single word, ""True"" or ""False"".",Smith River is a city in the Silicon Valley region
"The user will provide a claim and some relevant context.
Your job is to determine whether the claim is true for the given context.
You must answer with a single word, ""True"" or ""False"".",Placerville is a city in the Silicon Valley region
"The user will provide a claim and some relevant context.
Your job is to determine whether the claim is true for the given context.
You must answer with a single word, ""True"" or ""False"".",South Lake Tahoe is a city in the Silicon Valley region
"The user will provide a claim and some relevant context.
Your job is to determine whether the claim is true for the given context.
You must answer with a single word, ""True"" or ""False"".",El Dorado is a city in the Silicon Valley region
"The user will provide a claim and some relevant context.
Your job is to determine whether the claim is true for the given context.
You must answer with a single word, ""True"" or ""False"".",Yerington is a city in the Silicon Valley region
"The user will provide a claim and some relevant context.
Your job is to determine whether the claim is true for the given context.
You must answer with a single word, ""True"" or ""False"".",Camino is a city in the Silicon Valley region
"The user will provide a claim and some relevant context.
Your job is to determine whether the claim is true for the given context.
You must answer with a single word, ""True"" or ""False"".",El Dorado Hills is a city in the Silicon Valley region
"The user will provide a claim and some relevant context.
Your job is to determine whether the claim is true for the given context.
You must answer with a single word, ""True"" or ""False"".",Cameron Park is a city in the Silicon Valley region
"The user will provide a claim and some relevant context.
Your job is to determine whether the claim is true for the given context.
You must answer with a single word, ""True"" or ""False"".",Shingle Springs is a city in the Silicon Valley region
"The user will provide a claim and some relevant context.
Your job is to determine whether the claim is true for the given context.
You must answer with a single word, ""True"" or ""False"".",Diamond Springs is a city in the Silicon Valley region
"The user will provide a claim and some relevant context.
Your job is to determine whether the claim is true for the given context.
You must answer with a single word, ""True"" or ""False"".",Georgetown is a city in the Silicon Valley region
"The user will provide a claim and some relevant context.
Your job is to determine whether the claim is true for the given context.
You must answer with a single word, ""True"" or ""False"".",Somerset is a city in the Silicon Valley region
"The user will provide a claim and some relevant context.
Your job is to determine whether the claim is true for the given context.
You must answer with a single word, ""True"" or ""False"".",Grizzly Flat is a city in the Silicon Valley region
"The user will provide a claim and some relevant context.
Your job is to determine whether the claim is true for the given context.
You must answer with a single word, ""True"" or ""False"".",Pollock Pines is a city in the Silicon Valley region
"The user will provide a claim and some relevant context.
Your job is to determine whether the claim is true for the given context.
You must answer with a single word, ""True"" or ""False"".",Rescue is a city in the Silicon Valley region
"The user will provide a claim and some relevant context.
Your job is to determine whether the claim is true for the given context.
You must answer with a single word, ""True"" or ""False"".",Kyburz is a city in the Silicon Valley region
"The user will provide a claim and some relevant context.
Your job is to determine whether the claim is true for the given context.
You must answer with a single word, ""True"" or ""False"".",Garden Valley is a city in the Silicon Valley region
"The user will provide a claim and some relevant context.
Your job is to determine whether the claim is true for the given context.
You must answer with a single word, ""True"" or ""False"".",Greenwood is a city in the Silicon Valley region
"The user will provide a claim and some relevant context.
Your job is to determine whether the claim is true for the given context.
You must answer with a single word, ""True"" or ""False"".",Cool is a city in the Silicon Valley region
"The user will provide a claim and some relevant context.
Your job is to determine whether the claim is true for the given context.
You must answer with a single word, ""True"" or ""False"".",Placerville Dr. is a city in the Silicon Valley region
"The user will provide a claim and some relevant context.
Your job is to determine whether the claim is true for the given context.
You must answer with a single word, ""True"" or ""False"".",Westminster is a city in the Silicon Valley region
"The user will provide a claim and some relevant context.
Your job is to determine whether the claim is true for the given context.
You must answer with a single word, ""True"" or ""False"".",Orangevale is a city in the Silicon Valley region
"The user will provide a claim and some relevant context.
Your job is to determine whether the claim is true for the given context.
You must answer with a single word, ""True"" or ""False"".",Costa Mesa is a city in the Silicon Valley region
"The user will provide a claim and some relevant context.
Your job is to determine whether the claim is true for the given context.
You must answer with a single word, ""True"" or ""False"".",Fresno is a city in the Silicon Valley region
"The user will provide a claim and some relevant context.
Your job is to determine whether the claim is true for the given context.
You must answer with a single word, ""True"" or ""False"".",Selma is a city in the Silicon Valley region
"The user will provide a claim and some relevant context.
Your job is to determine whether the claim is true for the given context.
You must answer with a single word, ""True"" or ""False"".",Hume is a city in the Silicon Valley region
"The user will provide a claim and some relevant context.
Your job is to determine whether the claim is true for the given context.
You must answer with a single word, ""True"" or ""False"".",Sonora is a city in the Silicon Valley region
"The user will provide a claim and some relevant context.
Your job is to determine whether the claim is true for the given context.
You must answer with a single word, ""True"" or ""False"".",Kerman is a city in the Silicon Valley region
"The user will provide a claim and some relevant context.
Your job is to determine whether the claim is true for the given context.
You must answer with a single word, ""True"" or ""False"".",Reedley is a city in the Silicon Valley region
"The user will provide a claim and some relevant context.
Your job is to determine whether the claim is true for the given context.
You must answer with a single word, ""True"" or ""False"".",Caruthers is a city in the Silicon Valley region
"The user will provide a claim and some relevant context.
Your job is to determine whether the claim is true for the given context.
You must answer with a single word, ""True"" or ""False"".",Auberry is a city in the Silicon Valley region
"The user will provide a claim and some relevant context.
Your job is to determine whether the claim is true for the given context.
You must answer with a single word, ""True"" or ""False"".",Big Creek is a city in the Silicon Valley region
"The user will provide a claim and some relevant context.
Your job is to determine whether the claim is true for the given context.
You must answer with a single word, ""True"" or ""False"".",Riverdale is a city in the Silicon Valley region
"The user will provide a claim and some relevant context.
Your job is to determine whether the claim is true for the given context.
You must answer with a single word, ""True"" or ""False"".",Cantua Creek is a city in the Silicon Valley region
"The user will provide a claim and some relevant context.
Your job is to determine whether the claim is true for the given context.
You must answer with a single word, ""True"" or ""False"".",Kingsburg is a city in the Silicon Valley region
"The user will provide a claim and some relevant context.
Your job is to determine whether the claim is true for the given context.
You must answer with a single word, ""True"" or ""False"".",Clovis is a city in the Silicon Valley region
"The user will provide a claim and some relevant context.
Your job is to determine whether the claim is true for the given context.
You must answer with a single word, ""True"" or ""False"".",Pinedale is a city in the Silicon Valley region
"The user will provide a claim and some relevant context.
Your job is to determine whether the claim is true for the given context.
You must answer with a single word, ""True"" or ""False"".",Friant is a city in the Silicon Valley region
"The user will provide a claim and some relevant context.
Your job is to determine whether the claim is true for the given context.
You must answer with a single word, ""True"" or ""False"".",Coalinga is a city in the Silicon Valley region
"The user will provide a claim and some relevant context.
Your job is to determine whether the claim is true for the given context.
You must answer with a single word, ""True"" or ""False"".",Huron is a city in the Silicon Valley region
"The user will provide a claim and some relevant context.
Your job is to determine whether the claim is true for the given context.
You must answer with a single word, ""True"" or ""False"".",Firebaugh is a city in the Silicon Valley region
"The user will provide a claim and some relevant context.
Your job is to determine whether the claim is true for the given context.
You must answer with a single word, ""True"" or ""False"".",Fowler is a city in the Silicon Valley region
"The user will provide a claim and some relevant context.
Your job is to determine whether the claim is true for the given context.
You must answer with a single word, ""True"" or ""False"".",San Francisco is a city in the Silicon Valley region
"The user will provide a claim and some relevant context.
Your job is to determine whether the claim is true for the given context.
You must answer with a single word, ""True"" or ""False"".",Tracy is a city in the Silicon Valley region
"The user will provide a claim and some relevant context.
Your job is to determine whether the claim is true for the given context.
You must answer with a single word, ""True"" or ""False"".",Helm is a city in the Silicon Valley region
"The user will provide a claim and some relevant context.
Your job is to determine whether the claim is true for the given context.
You must answer with a single word, ""True"" or ""False"".",San Joaquin is a city in the Silicon Valley region
"The user will provide a claim and some relevant context.
Your job is to determine whether the claim is true for the given context.
You must answer with a single word, ""True"" or ""False"".",Orange Cove is a city in the Silicon Valley region
"The user will provide a claim and some relevant context.
Your job is to determine whether the claim is true for the given context.
You must answer with a single word, ""True"" or ""False"".",Dunlap is a city in the Silicon Valley region
"The user will provide a claim and some relevant context.
Your job is to determine whether the claim is true for the given context.
You must answer with a single word, ""True"" or ""False"".",Dinuba is a city in the Silicon Valley region
"The user will provide a claim and some relevant context.
Your job is to determine whether the claim is true for the given context.
You must answer with a single word, ""True"" or ""False"".",Miramonte is a city in the Silicon Valley region
"The user will provide a claim and some relevant context.
Your job is to determine whether the claim is true for the given context.
You must answer with a single word, ""True"" or ""False"".",Parlier is a city in the Silicon Valley region
"The user will provide a claim and some relevant context.
Your job is to determine whether the claim is true for the given context.
You must answer with a single word, ""True"" or ""False"".",Laton is a city in the Silicon Valley region
"The user will provide a claim and some relevant context.
Your job is to determine whether the claim is true for the given context.
You must answer with a single word, ""True"" or ""False"".",Mendota is a city in the Silicon Valley region
"The user will provide a claim and some relevant context.
Your job is to determine whether the claim is true for the given context.
You must answer with a single word, ""True"" or ""False"".",Simi Valley is a city in the Silicon Valley region
"The user will provide a claim and some relevant context.
Your job is to determine whether the claim is true for the given context.
You must answer with a single word, ""True"" or ""False"".",Thousand Oaks is a city in the Silicon Valley region
"The user will provide a claim and some relevant context.
Your job is to determine whether the claim is true for the given context.
You must answer with a single word, ""True"" or ""False"".",Raisin City is a city in the Silicon Valley region
"The user will provide a claim and some relevant context.
Your job is to determine whether the claim is true for the given context.
You must answer with a single word, ""True"" or ""False"".",Sanger is a city in the Silicon Valley region
"The user will provide a claim and some relevant context.
Your job is to determine whether the claim is true for the given context.
You must answer with a single word, ""True"" or ""False"".",Del Rey is a city in the Silicon Valley region
"The user will provide a claim and some relevant context.
Your job is to determine whether the claim is true for the given context.
You must answer with a single word, ""True"" or ""False"".",Tollhouse is a city in the Silicon Valley region
"The user will provide a claim and some relevant context.
Your job is to determine whether the claim is true for the given context.
You must answer with a single word, ""True"" or ""False"".",Shaver Lake is a city in the Silicon Valley region
"The user will provide a claim and some relevant context.
Your job is to determine whether the claim is true for the given context.
You must answer with a single word, ""True"" or ""False"".",Prather is a city in the Silicon Valley region
"The user will provide a claim and some relevant context.
Your job is to determine whether the claim is true for the given context.
You must answer with a single word, ""True"" or ""False"".",North Fork is a city in the Silicon Valley region
"The user will provide a claim and some relevant context.
Your job is to determine whether the claim is true for the given context.
You must answer with a single word, ""True"" or ""False"".",Tranquillity is a city in the Silicon Valley region
"The user will provide a claim and some relevant context.
Your job is to determine whether the claim is true for the given context.
You must answer with a single word, ""True"" or ""False"".",Camp Connell is a city in the Silicon Valley region
"The user will provide a claim and some relevant context.
Your job is to determine whether the claim is true for the given context.
You must answer with a single word, ""True"" or ""False"".",Indio is a city in the Silicon Valley region
"The user will provide a claim and some relevant context.
Your job is to determine whether the claim is true for the given context.
You must answer with a single word, ""True"" or ""False"".",Five Points is a city in the Silicon Valley region
"The user will provide a claim and some relevant context.
Your job is to determine whether the claim is true for the given context.
You must answer with a single word, ""True"" or ""False"".",Three Rocks is a city in the Silicon Valley region
"The user will provide a claim and some relevant context.
Your job is to determine whether the claim is true for the given context.
You must answer with a single word, ""True"" or ""False"".",Rancho Cordova is a city in the Silicon Valley region
"The user will provide a claim and some relevant context.
Your job is to determine whether the claim is true for the given context.
You must answer with a single word, ""True"" or ""False"".",Willows is a city in the Silicon Valley region
"The user will provide a claim and some relevant context.
Your job is to determine whether the claim is true for the given context.
You must answer with a single word, ""True"" or ""False"".",Long Beach is a city in the Silicon Valley region
"The user will provide a claim and some relevant context.
Your job is to determine whether the claim is true for the given context.
You must answer with a single word, ""True"" or ""False"".",Orland is a city in the Silicon Valley region
"The user will provide a claim and some relevant context.
Your job is to determine whether the claim is true for the given context.
You must answer with a single word, ""True"" or ""False"".",Princeton is a city in the Silicon Valley region
"The user will provide a claim and some relevant context.
Your job is to determine whether the claim is true for the given context.
You must answer with a single word, ""True"" or ""False"".",Hamilton City is a city in the Silicon Valley region
"The user will provide a claim and some relevant context.
Your job is to determine whether the claim is true for the given context.
You must answer with a single word, ""True"" or ""False"".",Butte City is a city in the Silicon Valley region
"The user will provide a claim and some relevant context.
Your job is to determine whether the claim is true for the given context.
You must answer with a single word, ""True"" or ""False"".",Elk Creek is a city in the Silicon Valley region
"The user will provide a claim and some relevant context.
Your job is to determine whether the claim is true for the given context.
You must answer with a single word, ""True"" or ""False"".",Artois is a city in the Silicon Valley region
"The user will provide a claim and some relevant context.
Your job is to determine whether the claim is true for the given context.
You must answer with a single word, ""True"" or ""False"".",Glenn is a city in the Silicon Valley region
"The user will provide a claim and some relevant context.
Your job is to determine whether the claim is true for the given context.
You must answer with a single word, ""True"" or ""False"".",Eureka is a city in the Silicon Valley region
"The user will provide a claim and some relevant context.
Your job is to determine whether the claim is true for the given context.
You must answer with a single word, ""True"" or ""False"".",Fortuna is a city in the Silicon Valley region
"The user will provide a claim and some relevant context.
Your job is to determine whether the claim is true for the given context.
You must answer with a single word, ""True"" or ""False"".",Garberville is a city in the Silicon Valley region
"The user will provide a claim and some relevant context.
Your job is to determine whether the claim is true for the given context.
You must answer with a single word, ""True"" or ""False"".",Hoopa is a city in the Silicon Valley region
"The user will provide a claim and some relevant context.
Your job is to determine whether the claim is true for the given context.
You must answer with a single word, ""True"" or ""False"".",Arcata is a city in the Silicon Valley region
"The user will provide a claim and some relevant context.
Your job is to determine whether the claim is true for the given context.
You must answer with a single word, ""True"" or ""False"".",McKinleyville is a city in the Silicon Valley region
"The user will provide a claim and some relevant context.
Your job is to determine whether the claim is true for the given context.
You must answer with a single word, ""True"" or ""False"".",Trinidad is a city in the Silicon Valley region
"The user will provide a claim and some relevant context.
Your job is to determine whether the claim is true for the given context.
You must answer with a single word, ""True"" or ""False"".",Blue Lake is a city in the Silicon Valley region
"The user will provide a claim and some relevant context.
Your job is to determine whether the claim is true for the given context.
You must answer with a single word, ""True"" or ""False"".",Scotia is a city in the Silicon Valley region
"The user will provide a claim and some relevant context.
Your job is to determine whether the claim is true for the given context.
You must answer with a single word, ""True"" or ""False"".",Red Crest is a city in the Silicon Valley region
"The user will provide a claim and some relevant context.
Your job is to determine whether the claim is true for the given context.
You must answer with a single word, ""True"" or ""False"".",Bridgeville is a city in the Silicon Valley region
"The user will provide a claim and some relevant context.
Your job is to determine whether the claim is true for the given context.
You must answer with a single word, ""True"" or ""False"".",Carlotta is a city in the Silicon Valley region
"The user will provide a claim and some relevant context.
Your job is to determine whether the claim is true for the given context.
You must answer with a single word, ""True"" or ""False"".",Ferndale is a city in the Silicon Valley region
"The user will provide a claim and some relevant context.
Your job is to determine whether the claim is true for the given context.
You must answer with a single word, ""True"" or ""False"".",Hydesville is a city in the Silicon Valley region
"The user will provide a claim and some relevant context.
Your job is to determine whether the claim is true for the given context.
You must answer with a single word, ""True"" or ""False"".",Bayside is a city in the Silicon Valley region
"The user will provide a claim and some relevant context.
Your job is to determine whether the claim is true for the given context.
You must answer with a single word, ""True"" or ""False"".",Orleans is a city in the Silicon Valley region
"The user will provide a claim and some relevant context.
Your job is to determine whether the claim is true for the given context.
You must answer with a single word, ""True"" or ""False"".",Pecwan is a city in the Silicon Valley region
"The user will provide a claim and some relevant context.
Your job is to determine whether the claim is true for the given context.
You must answer with a single word, ""True"" or ""False"".",Willow Creek is a city in the Silicon Valley region
"The user will provide a claim and some relevant context.
Your job is to determine whether the claim is true for the given context.
You must answer with a single word, ""True"" or ""False"".",Kneeland is a city in the Silicon Valley region
"The user will provide a claim and some relevant context.
Your job is to determine whether the claim is true for the given context.
You must answer with a single word, ""True"" or ""False"".",Loleta is a city in the Silicon Valley region
"The user will provide a claim and some relevant context.
Your job is to determine whether the claim is true for the given context.
You must answer with a single word, ""True"" or ""False"".",Korbel is a city in the Silicon Valley region
"The user will provide a claim and some relevant context.
Your job is to determine whether the claim is true for the given context.
You must answer with a single word, ""True"" or ""False"".",Petrolia is a city in the Silicon Valley region
"The user will provide a claim and some relevant context.
Your job is to determine whether the claim is true for the given context.
You must answer with a single word, ""True"" or ""False"".",Orick is a city in the Silicon Valley region
"The user will provide a claim and some relevant context.
Your job is to determine whether the claim is true for the given context.
You must answer with a single word, ""True"" or ""False"".",Samoa is a city in the Silicon Valley region
"The user will provide a claim and some relevant context.
Your job is to determine whether the claim is true for the given context.
You must answer with a single word, ""True"" or ""False"".",Rio Dell is a city in the Silicon Valley region
"The user will provide a claim and some relevant context.
Your job is to determine whether the claim is true for the given context.
You must answer with a single word, ""True"" or ""False"".",Miranda is a city in the Silicon Valley region
"The user will provide a claim and some relevant context.
Your job is to determine whether the claim is true for the given context.
You must answer with a single word, ""True"" or ""False"".",Blocksburg is a city in the Silicon Valley region
"The user will provide a claim and some relevant context.
Your job is to determine whether the claim is true for the given context.
You must answer with a single word, ""True"" or ""False"".",Redway is a city in the Silicon Valley region
"The user will provide a claim and some relevant context.
Your job is to determine whether the claim is true for the given context.
You must answer with a single word, ""True"" or ""False"".",Weott is a city in the Silicon Valley region
"The user will provide a claim and some relevant context.
Your job is to determine whether the claim is true for the given context.
You must answer with a single word, ""True"" or ""False"".",Whitethorn is a city in the Silicon Valley region
"The user will provide a claim and some relevant context.
Your job is to determine whether the claim is true for the given context.
You must answer with a single word, ""True"" or ""False"".",Honeydew is a city in the Silicon Valley region
"The user will provide a claim and some relevant context.
Your job is to determine whether the claim is true for the given context.
You must answer with a single word, ""True"" or ""False"".",El Centro is a city in the Silicon Valley region
"The user will provide a claim and some relevant context.
Your job is to determine whether the claim is true for the given context.
You must answer with a single word, ""True"" or ""False"".",Calexico is a city in the Silicon Valley region
"The user will provide a claim and some relevant context.
Your job is to determine whether the claim is true for the given context.
You must answer with a single word, ""True"" or ""False"".",Brawley is a city in the Silicon Valley region
"The user will provide a claim and some relevant context.
Your job is to determine whether the claim is true for the given context.
You must answer with a single word, ""True"" or ""False"".",Calipatria is a city in the Silicon Valley region
"The user will provide a claim and some relevant context.
Your job is to determine whether the claim is true for the given context.
You must answer with a single word, ""True"" or ""False"".",Niland is a city in the Silicon Valley region
"The user will provide a claim and some relevant context.
Your job is to determine whether the claim is true for the given context.
You must answer with a single word, ""True"" or ""False"".",Heber is a city in the Silicon Valley region
"The user will provide a claim and some relevant context.
Your job is to determine whether the claim is true for the given context.
You must answer with a single word, ""True"" or ""False"".",Herber is a city in the Silicon Valley region
"The user will provide a claim and some relevant context.
Your job is to determine whether the claim is true for the given context.
You must answer with a single word, ""True"" or ""False"".",Holtville is a city in the Silicon Valley region
"The user will provide a claim and some relevant context.
Your job is to determine whether the claim is true for the given context.
You must answer with a single word, ""True"" or ""False"".",Imperial is a city in the Silicon Valley region
"The user will provide a claim and some relevant context.
Your job is to determine whether the claim is true for the given context.
You must answer with a single word, ""True"" or ""False"".",Winterhaven is a city in the Silicon Valley region
"The user will provide a claim and some relevant context.
Your job is to determine whether the claim is true for the given context.
You must answer with a single word, ""True"" or ""False"".",Seeley is a city in the Silicon Valley region
"The user will provide a claim and some relevant context.
Your job is to determine whether the claim is true for the given context.
You must answer with a single word, ""True"" or ""False"".",Westmorland is a city in the Silicon Valley region
"The user will provide a claim and some relevant context.
Your job is to determine whether the claim is true for the given context.
You must answer with a single word, ""True"" or ""False"".",Independence is a city in the Silicon Valley region
"The user will provide a claim and some relevant context.
Your job is to determine whether the claim is true for the given context.
You must answer with a single word, ""True"" or ""False"".",Bishop is a city in the Silicon Valley region
"The user will provide a claim and some relevant context.
Your job is to determine whether the claim is true for the given context.
You must answer with a single word, ""True"" or ""False"".",Los Angeles is a city in the Silicon Valley region
"The user will provide a claim and some relevant context.
Your job is to determine whether the claim is true for the given context.
You must answer with a single word, ""True"" or ""False"".",Big Pine is a city in the Silicon Valley region
"The user will provide a claim and some relevant context.
Your job is to determine whether the claim is true for the given context.
You must answer with a single word, ""True"" or ""False"".",Lone Pine is a city in the Silicon Valley region
"The user will provide a claim and some relevant context.
Your job is to determine whether the claim is true for the given context.
You must answer with a single word, ""True"" or ""False"".",Shoshone is a city in the Silicon Valley region
"The user will provide a claim and some relevant context.
Your job is to determine whether the claim is true for the given context.
You must answer with a single word, ""True"" or ""False"".",Death Valley is a city in the Silicon Valley region
"The user will provide a claim and some relevant context.
Your job is to determine whether the claim is true for the given context.
You must answer with a single word, ""True"" or ""False"".",Tecopa is a city in the Silicon Valley region
"The user will provide a claim and some relevant context.
Your job is to determine whether the claim is true for the given context.
You must answer with a single word, ""True"" or ""False"".",Olancha is a city in the Silicon Valley region
"The user will provide a claim and some relevant context.
Your job is to determine whether the claim is true for the given context.
You must answer with a single word, ""True"" or ""False"".",Bakersfield is a city in the Silicon Valley region
"The user will provide a claim and some relevant context.
Your job is to determine whether the claim is true for the given context.
You must answer with a single word, ""True"" or ""False"".",Delano is a city in the Silicon Valley region
"The user will provide a claim and some relevant context.
Your job is to determine whether the claim is true for the given context.
You must answer with a single word, ""True"" or ""False"".",Arvin is a city in the Silicon Valley region
"The user will provide a claim and some relevant context.
Your job is to determine whether the claim is true for the given context.
You must answer with a single word, ""True"" or ""False"".",Tehachapi is a city in the Silicon Valley region
"The user will provide a claim and some relevant context.
Your job is to determine whether the claim is true for the given context.
You must answer with a single word, ""True"" or ""False"".",Lamont is a city in the Silicon Valley region
"The user will provide a claim and some relevant context.
Your job is to determine whether the claim is true for the given context.
You must answer with a single word, ""True"" or ""False"".",Wasco is a city in the Silicon Valley region
"The user will provide a claim and some relevant context.
Your job is to determine whether the claim is true for the given context.
You must answer with a single word, ""True"" or ""False"".",Shafter is a city in the Silicon Valley region
"The user will provide a claim and some relevant context.
Your job is to determine whether the claim is true for the given context.
You must answer with a single word, ""True"" or ""False"".",McKittrick is a city in the Silicon Valley region
"The user will provide a claim and some relevant context.
Your job is to determine whether the claim is true for the given context.
You must answer with a single word, ""True"" or ""False"".",Woody is a city in the Silicon Valley region
"The user will provide a claim and some relevant context.
Your job is to determine whether the claim is true for the given context.
You must answer with a single word, ""True"" or ""False"".",Buttonwillow is a city in the Silicon Valley region
"The user will provide a claim and some relevant context.
Your job is to determine whether the claim is true for the given context.
You must answer with a single word, ""True"" or ""False"".",Caliente is a city in the Silicon Valley region
"The user will provide a claim and some relevant context.
Your job is to determine whether the claim is true for the given context.
You must answer with a single word, ""True"" or ""False"".",Calente is a city in the Silicon Valley region
"The user will provide a claim and some relevant context.
Your job is to determine whether the claim is true for the given context.
You must answer with a single word, ""True"" or ""False"".",Tupman is a city in the Silicon Valley region
"The user will provide a claim and some relevant context.
Your job is to determine whether the claim is true for the given context.
You must answer with a single word, ""True"" or ""False"".",Lebec is a city in the Silicon Valley region
"The user will provide a claim and some relevant context.
Your job is to determine whether the claim is true for the given context.
You must answer with a single word, ""True"" or ""False"".",Lake Isabella is a city in the Silicon Valley region
"The user will provide a claim and some relevant context.
Your job is to determine whether the claim is true for the given context.
You must answer with a single word, ""True"" or ""False"".",Kernville is a city in the Silicon Valley region
"The user will provide a claim and some relevant context.
Your job is to determine whether the claim is true for the given context.
You must answer with a single word, ""True"" or ""False"".",Glennville is a city in the Silicon Valley region
"The user will provide a claim and some relevant context.
Your job is to determine whether the claim is true for the given context.
You must answer with a single word, ""True"" or ""False"".",Lost Hills is a city in the Silicon Valley region
"The user will provide a claim and some relevant context.
Your job is to determine whether the claim is true for the given context.
You must answer with a single word, ""True"" or ""False"".",Maricopa is a city in the Silicon Valley region
"The user will provide a claim and some relevant context.
Your job is to determine whether the claim is true for the given context.
You must answer with a single word, ""True"" or ""False"".",Pine Mountain Club is a city in the Silicon Valley region
"The user will provide a claim and some relevant context.
Your job is to determine whether the claim is true for the given context.
You must answer with a single word, ""True"" or ""False"".",McFarland is a city in the Silicon Valley region
"The user will provide a claim and some relevant context.
Your job is to determine whether the claim is true for the given context.
You must answer with a single word, ""True"" or ""False"".",Fellows is a city in the Silicon Valley region
"The user will provide a claim and some relevant context.
Your job is to determine whether the claim is true for the given context.
You must answer with a single word, ""True"" or ""False"".",Mojave is a city in the Silicon Valley region
"The user will provide a claim and some relevant context.
Your job is to determine whether the claim is true for the given context.
You must answer with a single word, ""True"" or ""False"".",Cantil is a city in the Silicon Valley region
"The user will provide a claim and some relevant context.
Your job is to determine whether the claim is true for the given context.
You must answer with a single word, ""True"" or ""False"".",California City is a city in the Silicon Valley region
"The user will provide a claim and some relevant context.
Your job is to determine whether the claim is true for the given context.
You must answer with a single word, ""True"" or ""False"".",North Edwards is a city in the Silicon Valley region
"The user will provide a claim and some relevant context.
Your job is to determine whether the claim is true for the given context.
You must answer with a single word, ""True"" or ""False"".",Boron is a city in the Silicon Valley region
"The user will provide a claim and some relevant context.
Your job is to determine whether the claim is true for the given context.
You must answer with a single word, ""True"" or ""False"".",Edwards is a city in the Silicon Valley region
"The user will provide a claim and some relevant context.
Your job is to determine whether the claim is true for the given context.
You must answer with a single word, ""True"" or ""False"".",Pond is a city in the Silicon Valley region
"The user will provide a claim and some relevant context.
Your job is to determine whether the claim is true for the given context.
You must answer with a single word, ""True"" or ""False"".",Johannesburg is a city in the Silicon Valley region
"The user will provide a claim and some relevant context.
Your job is to determine whether the claim is true for the given context.
You must answer with a single word, ""True"" or ""False"".",El Segundo is a city in the Silicon Valley region
"The user will provide a claim and some relevant context.
Your job is to determine whether the claim is true for the given context.
You must answer with a single word, ""True"" or ""False"".",Rosamond is a city in the Silicon Valley region
"The user will provide a claim and some relevant context.
Your job is to determine whether the claim is true for the given context.
You must answer with a single word, ""True"" or ""False"".",Weldon is a city in the Silicon Valley region
"The user will provide a claim and some relevant context.
Your job is to determine whether the claim is true for the given context.
You must answer with a single word, ""True"" or ""False"".",Taft is a city in the Silicon Valley region
"The user will provide a claim and some relevant context.
Your job is to determine whether the claim is true for the given context.
You must answer with a single word, ""True"" or ""False"".",Monolith is a city in the Silicon Valley region
"The user will provide a claim and some relevant context.
Your job is to determine whether the claim is true for the given context.
You must answer with a single word, ""True"" or ""False"".",Ridgecrest is a city in the Silicon Valley region
"The user will provide a claim and some relevant context.
Your job is to determine whether the claim is true for the given context.
You must answer with a single word, ""True"" or ""False"".",Inyokern is a city in the Silicon Valley region
"The user will provide a claim and some relevant context.
Your job is to determine whether the claim is true for the given context.
You must answer with a single word, ""True"" or ""False"".",China Lake is a city in the Silicon Valley region
"The user will provide a claim and some relevant context.
Your job is to determine whether the claim is true for the given context.
You must answer with a single word, ""True"" or ""False"".",Frazier Park is a city in the Silicon Valley region
"The user will provide a claim and some relevant context.
Your job is to determine whether the claim is true for the given context.
You must answer with a single word, ""True"" or ""False"".",Hanford is a city in the Silicon Valley region
"The user will provide a claim and some relevant context.
Your job is to determine whether the claim is true for the given context.
You must answer with a single word, ""True"" or ""False"".",Armona is a city in the Silicon Valley region
"The user will provide a claim and some relevant context.
Your job is to determine whether the claim is true for the given context.
You must answer with a single word, ""True"" or ""False"".",Vista is a city in the Silicon Valley region
"The user will provide a claim and some relevant context.
Your job is to determine whether the claim is true for the given context.
You must answer with a single word, ""True"" or ""False"".",Lemoore is a city in the Silicon Valley region
"The user will provide a claim and some relevant context.
Your job is to determine whether the claim is true for the given context.
You must answer with a single word, ""True"" or ""False"".",N.A.S. Lemoore is a city in the Silicon Valley region
"The user will provide a claim and some relevant context.
Your job is to determine whether the claim is true for the given context.
You must answer with a single word, ""True"" or ""False"".",Stratford is a city in the Silicon Valley region
"The user will provide a claim and some relevant context.
Your job is to determine whether the claim is true for the given context.
You must answer with a single word, ""True"" or ""False"".",Corcoran is a city in the Silicon Valley region
"The user will provide a claim and some relevant context.
Your job is to determine whether the claim is true for the given context.
You must answer with a single word, ""True"" or ""False"".",Newport Beach is a city in the Silicon Valley region
"The user will provide a claim and some relevant context.
Your job is to determine whether the claim is true for the given context.
You must answer with a single word, ""True"" or ""False"".",Avenal is a city in the Silicon Valley region
"The user will provide a claim and some relevant context.
Your job is to determine whether the claim is true for the given context.
You must answer with a single word, ""True"" or ""False"".",Kettleman City is a city in the Silicon Valley region
"The user will provide a claim and some relevant context.
Your job is to determine whether the claim is true for the given context.
You must answer with a single word, ""True"" or ""False"".",Lakeport is a city in the Silicon Valley region
"The user will provide a claim and some relevant context.
Your job is to determine whether the claim is true for the given context.
You must answer with a single word, ""True"" or ""False"".",Clearlake is a city in the Silicon Valley region
"The user will provide a claim and some relevant context.
Your job is to determine whether the claim is true for the given context.
You must answer with a single word, ""True"" or ""False"".",Lower Lake is a city in the Silicon Valley region
"The user will provide a claim and some relevant context.
Your job is to determine whether the claim is true for the given context.
You must answer with a single word, ""True"" or ""False"".",Kelseyville is a city in the Silicon Valley region
"The user will provide a claim and some relevant context.
Your job is to determine whether the claim is true for the given context.
You must answer with a single word, ""True"" or ""False"".",Cobb is a city in the Silicon Valley region
"The user will provide a claim and some relevant context.
Your job is to determine whether the claim is true for the given context.
You must answer with a single word, ""True"" or ""False"".",Clearlake Oaks is a city in the Silicon Valley region
"The user will provide a claim and some relevant context.
Your job is to determine whether the claim is true for the given context.
You must answer with a single word, ""True"" or ""False"".",Lucerne is a city in the Silicon Valley region
"The user will provide a claim and some relevant context.
Your job is to determine whether the claim is true for the given context.
You must answer with a single word, ""True"" or ""False"".",Middletown is a city in the Silicon Valley region
"The user will provide a claim and some relevant context.
Your job is to determine whether the claim is true for the given context.
You must answer with a single word, ""True"" or ""False"".",Upper Lake is a city in the Silicon Valley region
"The user will provide a claim and some relevant context.
Your job is to determine whether the claim is true for the given context.
You must answer with a single word, ""True"" or ""False"".",Susanville is a city in the Silicon Valley region
"The user will provide a claim and some relevant context.
Your job is to determine whether the claim is true for the given context.
You must answer with a single word, ""True"" or ""False"".",Janesville is a city in the Silicon Valley region
"The user will provide a claim and some relevant context.
Your job is to determine whether the claim is true for the given context.
You must answer with a single word, ""True"" or ""False"".",Bieber is a city in the Silicon Valley region
"The user will provide a claim and some relevant context.
Your job is to determine whether the claim is true for the given context.
You must answer with a single word, ""True"" or ""False"".",Adin is a city in the Silicon Valley region
"The user will provide a claim and some relevant context.
Your job is to determine whether the claim is true for the given context.
You must answer with a single word, ""True"" or ""False"".",Herlong is a city in the Silicon Valley region
"The user will provide a claim and some relevant context.
Your job is to determine whether the claim is true for the given context.
You must answer with a single word, ""True"" or ""False"".",Doyle is a city in the Silicon Valley region
"The user will provide a claim and some relevant context.
Your job is to determine whether the claim is true for the given context.
You must answer with a single word, ""True"" or ""False"".",Termo is a city in the Silicon Valley region
"The user will provide a claim and some relevant context.
Your job is to determine whether the claim is true for the given context.
You must answer with a single word, ""True"" or ""False"".",Litchfield is a city in the Silicon Valley region
"The user will provide a claim and some relevant context.
Your job is to determine whether the claim is true for the given context.
You must answer with a single word, ""True"" or ""False"".",Westwood is a city in the Silicon Valley region
"The user will provide a claim and some relevant context.
Your job is to determine whether the claim is true for the given context.
You must answer with a single word, ""True"" or ""False"".",Downey is a city in the Silicon Valley region
"The user will provide a claim and some relevant context.
Your job is to determine whether the claim is true for the given context.
You must answer with a single word, ""True"" or ""False"".",Huntington Park is a city in the Silicon Valley region
"The user will provide a claim and some relevant context.
Your job is to determine whether the claim is true for the given context.
You must answer with a single word, ""True"" or ""False"".",Gardena is a city in the Silicon Valley region
"The user will provide a claim and some relevant context.
Your job is to determine whether the claim is true for the given context.
You must answer with a single word, ""True"" or ""False"".",Sylmar is a city in the Silicon Valley region
"The user will provide a claim and some relevant context.
Your job is to determine whether the claim is true for the given context.
You must answer with a single word, ""True"" or ""False"".",City Of Commerce is a city in the Silicon Valley region
"The user will provide a claim and some relevant context.
Your job is to determine whether the claim is true for the given context.
You must answer with a single word, ""True"" or ""False"".",La Verne is a city in the Silicon Valley region
"The user will provide a claim and some relevant context.
Your job is to determine whether the claim is true for the given context.
You must answer with a single word, ""True"" or ""False"".",San Dimas is a city in the Silicon Valley region
"The user will provide a claim and some relevant context.
Your job is to determine whether the claim is true for the given context.
You must answer with a single word, ""True"" or ""False"".",Malibu is a city in the Silicon Valley region
"The user will provide a claim and some relevant context.
Your job is to determine whether the claim is true for the given context.
You must answer with a single word, ""True"" or ""False"".",Calabasas is a city in the Silicon Valley region
"The user will provide a claim and some relevant context.
Your job is to determine whether the claim is true for the given context.
You must answer with a single word, ""True"" or ""False"".",Saugus is a city in the Silicon Valley region
"The user will provide a claim and some relevant context.
Your job is to determine whether the claim is true for the given context.
You must answer with a single word, ""True"" or ""False"".",Lake Hughes is a city in the Silicon Valley region
"The user will provide a claim and some relevant context.
Your job is to determine whether the claim is true for the given context.
You must answer with a single word, ""True"" or ""False"".",Lancaster is a city in the Silicon Valley region
"The user will provide a claim and some relevant context.
Your job is to determine whether the claim is true for the given context.
You must answer with a single word, ""True"" or ""False"".",Lakeview Terrace is a city in the Silicon Valley region
"The user will provide a claim and some relevant context.
Your job is to determine whether the claim is true for the given context.
You must answer with a single word, ""True"" or ""False"".",Woodland Hills is a city in the Silicon Valley region
"The user will provide a claim and some relevant context.
Your job is to determine whether the claim is true for the given context.
You must answer with a single word, ""True"" or ""False"".",Maywood is a city in the Silicon Valley region
"The user will provide a claim and some relevant context.
Your job is to determine whether the claim is true for the given context.
You must answer with a single word, ""True"" or ""False"".",Compton is a city in the Silicon Valley region
"The user will provide a claim and some relevant context.
Your job is to determine whether the claim is true for the given context.
You must answer with a single word, ""True"" or ""False"".",Inglewood is a city in the Silicon Valley region
"The user will provide a claim and some relevant context.
Your job is to determine whether the claim is true for the given context.
You must answer with a single word, ""True"" or ""False"".",South Gate is a city in the Silicon Valley region
"The user will provide a claim and some relevant context.
Your job is to determine whether the claim is true for the given context.
You must answer with a single word, ""True"" or ""False"".",Santa Monica is a city in the Silicon Valley region
"The user will provide a claim and some relevant context.
Your job is to determine whether the claim is true for the given context.
You must answer with a single word, ""True"" or ""False"".",Santa Fe Springs is a city in the Silicon Valley region
"The user will provide a claim and some relevant context.
Your job is to determine whether the claim is true for the given context.
You must answer with a single word, ""True"" or ""False"".",San Fernando is a city in the Silicon Valley region
"The user will provide a claim and some relevant context.
Your job is to determine whether the claim is true for the given context.
You must answer with a single word, ""True"" or ""False"".",Monrovia is a city in the Silicon Valley region
"The user will provide a claim and some relevant context.
Your job is to determine whether the claim is true for the given context.
You must answer with a single word, ""True"" or ""False"".",Littlerock is a city in the Silicon Valley region
"The user will provide a claim and some relevant context.
Your job is to determine whether the claim is true for the given context.
You must answer with a single word, ""True"" or ""False"".",Lawndale is a city in the Silicon Valley region
"The user will provide a claim and some relevant context.
Your job is to determine whether the claim is true for the given context.
You must answer with a single word, ""True"" or ""False"".",Pomona is a city in the Silicon Valley region
"The user will provide a claim and some relevant context.
Your job is to determine whether the claim is true for the given context.
You must answer with a single word, ""True"" or ""False"".",Azusa is a city in the Silicon Valley region
"The user will provide a claim and some relevant context.
Your job is to determine whether the claim is true for the given context.
You must answer with a single word, ""True"" or ""False"".",La Canada is a city in the Silicon Valley region
"The user will provide a claim and some relevant context.
Your job is to determine whether the claim is true for the given context.
You must answer with a single word, ""True"" or ""False"".",Sepulveda is a city in the Silicon Valley region
"The user will provide a claim and some relevant context.
Your job is to determine whether the claim is true for the given context.
You must answer with a single word, ""True"" or ""False"".",North Hollywood is a city in the Silicon Valley region
"The user will provide a claim and some relevant context.
Your job is to determine whether the claim is true for the given context.
You must answer with a single word, ""True"" or ""False"".",Tujunga is a city in the Silicon Valley region
"The user will provide a claim and some relevant context.
Your job is to determine whether the claim is true for the given context.
You must answer with a single word, ""True"" or ""False"".",El Monte is a city in the Silicon Valley region
"The user will provide a claim and some relevant context.
Your job is to determine whether the claim is true for the given context.
You must answer with a single word, ""True"" or ""False"".",Van Nuys is a city in the Silicon Valley region
"The user will provide a claim and some relevant context.
Your job is to determine whether the claim is true for the given context.
You must answer with a single word, ""True"" or ""False"".",Monterey Park is a city in the Silicon Valley region
"The user will provide a claim and some relevant context.
Your job is to determine whether the claim is true for the given context.
You must answer with a single word, ""True"" or ""False"".",Whittier is a city in the Silicon Valley region
"The user will provide a claim and some relevant context.
Your job is to determine whether the claim is true for the given context.
You must answer with a single word, ""True"" or ""False"".",Hawthorne is a city in the Silicon Valley region
"The user will provide a claim and some relevant context.
Your job is to determine whether the claim is true for the given context.
You must answer with a single word, ""True"" or ""False"".",Torrance is a city in the Silicon Valley region
"The user will provide a claim and some relevant context.
Your job is to determine whether the claim is true for the given context.
You must answer with a single word, ""True"" or ""False"".",Paramount is a city in the Silicon Valley region
"The user will provide a claim and some relevant context.
Your job is to determine whether the claim is true for the given context.
You must answer with a single word, ""True"" or ""False"".",West Covina is a city in the Silicon Valley region
"The user will provide a claim and some relevant context.
Your job is to determine whether the claim is true for the given context.
You must answer with a single word, ""True"" or ""False"".",Norwalk is a city in the Silicon Valley region
"The user will provide a claim and some relevant context.
Your job is to determine whether the claim is true for the given context.
You must answer with a single word, ""True"" or ""False"".",Altadena is a city in the Silicon Valley region
"The user will provide a claim and some relevant context.
Your job is to determine whether the claim is true for the given context.
You must answer with a single word, ""True"" or ""False"".",Laverne is a city in the Silicon Valley region
"The user will provide a claim and some relevant context.
Your job is to determine whether the claim is true for the given context.
You must answer with a single word, ""True"" or ""False"".",Quartz Hill is a city in the Silicon Valley region
"The user will provide a claim and some relevant context.
Your job is to determine whether the claim is true for the given context.
You must answer with a single word, ""True"" or ""False"".",San Gabriel is a city in the Silicon Valley region
"The user will provide a claim and some relevant context.
Your job is to determine whether the claim is true for the given context.
You must answer with a single word, ""True"" or ""False"".",Manhattan Beach is a city in the Silicon Valley region
"The user will provide a claim and some relevant context.
Your job is to determine whether the claim is true for the given context.
You must answer with a single word, ""True"" or ""False"".",Montebello is a city in the Silicon Valley region
"The user will provide a claim and some relevant context.
Your job is to determine whether the claim is true for the given context.
You must answer with a single word, ""True"" or ""False"".",San Marino is a city in the Silicon Valley region
"The user will provide a claim and some relevant context.
Your job is to determine whether the claim is true for the given context.
You must answer with a single word, ""True"" or ""False"".",La Puente is a city in the Silicon Valley region
"The user will provide a claim and some relevant context.
Your job is to determine whether the claim is true for the given context.
You must answer with a single word, ""True"" or ""False"".",Redondo Beach is a city in the Silicon Valley region
"The user will provide a claim and some relevant context.
Your job is to determine whether the claim is true for the given context.
You must answer with a single word, ""True"" or ""False"".",Burbank is a city in the Silicon Valley region
"The user will provide a claim and some relevant context.
Your job is to determine whether the claim is true for the given context.
You must answer with a single word, ""True"" or ""False"".",Covina is a city in the Silicon Valley region
"The user will provide a claim and some relevant context.
Your job is to determine whether the claim is true for the given context.
You must answer with a single word, ""True"" or ""False"".",Newhall is a city in the Silicon Valley region
"The user will provide a claim and some relevant context.
Your job is to determine whether the claim is true for the given context.
You must answer with a single word, ""True"" or ""False"".",Agua-Dulce is a city in the Silicon Valley region
"The user will provide a claim and some relevant context.
Your job is to determine whether the claim is true for the given context.
You must answer with a single word, ""True"" or ""False"".",Carson is a city in the Silicon Valley region
"The user will provide a claim and some relevant context.
Your job is to determine whether the claim is true for the given context.
You must answer with a single word, ""True"" or ""False"".",Rowland Heights is a city in the Silicon Valley region
"The user will provide a claim and some relevant context.
Your job is to determine whether the claim is true for the given context.
You must answer with a single word, ""True"" or ""False"".",Castaic is a city in the Silicon Valley region
"The user will provide a claim and some relevant context.
Your job is to determine whether the claim is true for the given context.
You must answer with a single word, ""True"" or ""False"".",Temple City is a city in the Silicon Valley region
"The user will provide a claim and some relevant context.
Your job is to determine whether the claim is true for the given context.
You must answer with a single word, ""True"" or ""False"".",Glendora is a city in the Silicon Valley region
"The user will provide a claim and some relevant context.
Your job is to determine whether the claim is true for the given context.
You must answer with a single word, ""True"" or ""False"".",Lakewood is a city in the Silicon Valley region
"The user will provide a claim and some relevant context.
Your job is to determine whether the claim is true for the given context.
You must answer with a single word, ""True"" or ""False"".",La Mirada is a city in the Silicon Valley region
"The user will provide a claim and some relevant context.
Your job is to determine whether the claim is true for the given context.
You must answer with a single word, ""True"" or ""False"".",South Pasadena is a city in the Silicon Valley region
"The user will provide a claim and some relevant context.
Your job is to determine whether the claim is true for the given context.
You must answer with a single word, ""True"" or ""False"".",Bellflower is a city in the Silicon Valley region
"The user will provide a claim and some relevant context.
Your job is to determine whether the claim is true for the given context.
You must answer with a single word, ""True"" or ""False"".",Palmdale is a city in the Silicon Valley region
"The user will provide a claim and some relevant context.
Your job is to determine whether the claim is true for the given context.
You must answer with a single word, ""True"" or ""False"".",Acton is a city in the Silicon Valley region
"The user will provide a claim and some relevant context.
Your job is to determine whether the claim is true for the given context.
You must answer with a single word, ""True"" or ""False"".",Pacoima is a city in the Silicon Valley region
"The user will provide a claim and some relevant context.
Your job is to determine whether the claim is true for the given context.
You must answer with a single word, ""True"" or ""False"".",Pasadena is a city in the Silicon Valley region
"The user will provide a claim and some relevant context.
Your job is to determine whether the claim is true for the given context.
You must answer with a single word, ""True"" or ""False"".",Rolling Hills Estate is a city in the Silicon Valley region
"The user will provide a claim and some relevant context.
Your job is to determine whether the claim is true for the given context.
You must answer with a single word, ""True"" or ""False"".",Rosemead is a city in the Silicon Valley region
"The user will provide a claim and some relevant context.
Your job is to determine whether the claim is true for the given context.
You must answer with a single word, ""True"" or ""False"".",Commerce is a city in the Silicon Valley region
"The user will provide a claim and some relevant context.
Your job is to determine whether the claim is true for the given context.
You must answer with a single word, ""True"" or ""False"".",Palosverdes Peninsul is a city in the Silicon Valley region
"The user will provide a claim and some relevant context.
Your job is to determine whether the claim is true for the given context.
You must answer with a single word, ""True"" or ""False"".",Agoura is a city in the Silicon Valley region
"The user will provide a claim and some relevant context.
Your job is to determine whether the claim is true for the given context.
You must answer with a single word, ""True"" or ""False"".",Calabassas is a city in the Silicon Valley region
"The user will provide a claim and some relevant context.
Your job is to determine whether the claim is true for the given context.
You must answer with a single word, ""True"" or ""False"".",Canyon Country is a city in the Silicon Valley region
"The user will provide a claim and some relevant context.
Your job is to determine whether the claim is true for the given context.
You must answer with a single word, ""True"" or ""False"".",Northridge is a city in the Silicon Valley region
"The user will provide a claim and some relevant context.
Your job is to determine whether the claim is true for the given context.
You must answer with a single word, ""True"" or ""False"".",Bell Gardens is a city in the Silicon Valley region
"The user will provide a claim and some relevant context.
Your job is to determine whether the claim is true for the given context.
You must answer with a single word, ""True"" or ""False"".",Canyon County is a city in the Silicon Valley region
"The user will provide a claim and some relevant context.
Your job is to determine whether the claim is true for the given context.
You must answer with a single word, ""True"" or ""False"".",South El Monte is a city in the Silicon Valley region
"The user will provide a claim and some relevant context.
Your job is to determine whether the claim is true for the given context.
You must answer with a single word, ""True"" or ""False"".",Lake View is a city in the Silicon Valley region
"The user will provide a claim and some relevant context.
Your job is to determine whether the claim is true for the given context.
You must answer with a single word, ""True"" or ""False"".",Claremont is a city in the Silicon Valley region
"The user will provide a claim and some relevant context.
Your job is to determine whether the claim is true for the given context.
You must answer with a single word, ""True"" or ""False"".",Valinda is a city in the Silicon Valley region
"The user will provide a claim and some relevant context.
Your job is to determine whether the claim is true for the given context.
You must answer with a single word, ""True"" or ""False"".",Hacienda Heights is a city in the Silicon Valley region
"The user will provide a claim and some relevant context.
Your job is to determine whether the claim is true for the given context.
You must answer with a single word, ""True"" or ""False"".",Westlake Village is a city in the Silicon Valley region
"The user will provide a claim and some relevant context.
Your job is to determine whether the claim is true for the given context.
You must answer with a single word, ""True"" or ""False"".",City of Industry is a city in the Silicon Valley region
"The user will provide a claim and some relevant context.
Your job is to determine whether the claim is true for the given context.
You must answer with a single word, ""True"" or ""False"".",Walnut Valley is a city in the Silicon Valley region
"The user will provide a claim and some relevant context.
Your job is to determine whether the claim is true for the given context.
You must answer with a single word, ""True"" or ""False"".",Walnut is a city in the Silicon Valley region
"The user will provide a claim and some relevant context.
Your job is to determine whether the claim is true for the given context.
You must answer with a single word, ""True"" or ""False"".",Cerritos is a city in the Silicon Valley region
"The user will provide a claim and some relevant context.
Your job is to determine whether the claim is true for the given context.
You must answer with a single word, ""True"" or ""False"".",Hawaiian Gardens is a city in the Silicon Valley region
"The user will provide a claim and some relevant context.
Your job is to determine whether the claim is true for the given context.
You must answer with a single word, ""True"" or ""False"".",Artesia is a city in the Silicon Valley region
"The user will provide a claim and some relevant context.
Your job is to determine whether the claim is true for the given context.
You must answer with a single word, ""True"" or ""False"".",Alhambra is a city in the Silicon Valley region
"The user will provide a claim and some relevant context.
Your job is to determine whether the claim is true for the given context.
You must answer with a single word, ""True"" or ""False"".",La Crescenta is a city in the Silicon Valley region
"The user will provide a claim and some relevant context.
Your job is to determine whether the claim is true for the given context.
You must answer with a single word, ""True"" or ""False"".",Arcadia is a city in the Silicon Valley region
"The user will provide a claim and some relevant context.
Your job is to determine whether the claim is true for the given context.
You must answer with a single word, ""True"" or ""False"".",Baldwin Park is a city in the Silicon Valley region
"The user will provide a claim and some relevant context.
Your job is to determine whether the claim is true for the given context.
You must answer with a single word, ""True"" or ""False"".",Whitter is a city in the Silicon Valley region
"The user will provide a claim and some relevant context.
Your job is to determine whether the claim is true for the given context.
You must answer with a single word, ""True"" or ""False"".",City Of Industry is a city in the Silicon Valley region
"The user will provide a claim and some relevant context.
Your job is to determine whether the claim is true for the given context.
You must answer with a single word, ""True"" or ""False"".",Beverly Hills is a city in the Silicon Valley region
"The user will provide a claim and some relevant context.
Your job is to determine whether the claim is true for the given context.
You must answer with a single word, ""True"" or ""False"".",Valencia is a city in the Silicon Valley region
"The user will provide a claim and some relevant context.
Your job is to determine whether the claim is true for the given context.
You must answer with a single word, ""True"" or ""False"".",Lennox is a city in the Silicon Valley region
"The user will provide a claim and some relevant context.
Your job is to determine whether the claim is true for the given context.
You must answer with a single word, ""True"" or ""False"".",Charter Oak is a city in the Silicon Valley region
"The user will provide a claim and some relevant context.
Your job is to determine whether the claim is true for the given context.
You must answer with a single word, ""True"" or ""False"".",Culver City is a city in the Silicon Valley region
"The user will provide a claim and some relevant context.
Your job is to determine whether the claim is true for the given context.
You must answer with a single word, ""True"" or ""False"".",Duarte is a city in the Silicon Valley region
"The user will provide a claim and some relevant context.
Your job is to determine whether the claim is true for the given context.
You must answer with a single word, ""True"" or ""False"".",Pico Rivera is a city in the Silicon Valley region
"The user will provide a claim and some relevant context.
Your job is to determine whether the claim is true for the given context.
You must answer with a single word, ""True"" or ""False"".",Glendale is a city in the Silicon Valley region
"The user will provide a claim and some relevant context.
Your job is to determine whether the claim is true for the given context.
You must answer with a single word, ""True"" or ""False"".",Montrose is a city in the Silicon Valley region
"The user will provide a claim and some relevant context.
Your job is to determine whether the claim is true for the given context.
You must answer with a single word, ""True"" or ""False"".",Gorman is a city in the Silicon Valley region
"The user will provide a claim and some relevant context.
Your job is to determine whether the claim is true for the given context.
You must answer with a single word, ""True"" or ""False"".",Redlands is a city in the Silicon Valley region
"The user will provide a claim and some relevant context.
Your job is to determine whether the claim is true for the given context.
You must answer with a single word, ""True"" or ""False"".",Hermosa Beach is a city in the Silicon Valley region
"The user will provide a claim and some relevant context.
Your job is to determine whether the claim is true for the given context.
You must answer with a single word, ""True"" or ""False"".",Pearblossom is a city in the Silicon Valley region
"The user will provide a claim and some relevant context.
Your job is to determine whether the claim is true for the given context.
You must answer with a single word, ""True"" or ""False"".",Agoura Hills is a city in the Silicon Valley region
"The user will provide a claim and some relevant context.
Your job is to determine whether the claim is true for the given context.
You must answer with a single word, ""True"" or ""False"".",Santa Catalina is a city in the Silicon Valley region
"The user will provide a claim and some relevant context.
Your job is to determine whether the claim is true for the given context.
You must answer with a single word, ""True"" or ""False"".",Santa Catalina Islan is a city in the Silicon Valley region
"The user will provide a claim and some relevant context.
Your job is to determine whether the claim is true for the given context.
You must answer with a single word, ""True"" or ""False"".",Signal Hill is a city in the Silicon Valley region
"The user will provide a claim and some relevant context.
Your job is to determine whether the claim is true for the given context.
You must answer with a single word, ""True"" or ""False"".",Running Springs is a city in the Silicon Valley region
"The user will provide a claim and some relevant context.
Your job is to determine whether the claim is true for the given context.
You must answer with a single word, ""True"" or ""False"".",Los Alamitos is a city in the Silicon Valley region
"The user will provide a claim and some relevant context.
Your job is to determine whether the claim is true for the given context.
You must answer with a single word, ""True"" or ""False"".",Two Harbors is a city in the Silicon Valley region
"The user will provide a claim and some relevant context.
Your job is to determine whether the claim is true for the given context.
You must answer with a single word, ""True"" or ""False"".",Sun Valley is a city in the Silicon Valley region
"The user will provide a claim and some relevant context.
Your job is to determine whether the claim is true for the given context.
You must answer with a single word, ""True"" or ""False"".",San Pedro is a city in the Silicon Valley region
"The user will provide a claim and some relevant context.
Your job is to determine whether the claim is true for the given context.
You must answer with a single word, ""True"" or ""False"".",Chatsworth is a city in the Silicon Valley region
"The user will provide a claim and some relevant context.
Your job is to determine whether the claim is true for the given context.
You must answer with a single word, ""True"" or ""False"".",Canoga Park is a city in the Silicon Valley region
"The user will provide a claim and some relevant context.
Your job is to determine whether the claim is true for the given context.
You must answer with a single word, ""True"" or ""False"".",Wilmington is a city in the Silicon Valley region
"The user will provide a claim and some relevant context.
Your job is to determine whether the claim is true for the given context.
You must answer with a single word, ""True"" or ""False"".",West Hills is a city in the Silicon Valley region
"The user will provide a claim and some relevant context.
Your job is to determine whether the claim is true for the given context.
You must answer with a single word, ""True"" or ""False"".",Venice is a city in the Silicon Valley region
"The user will provide a claim and some relevant context.
Your job is to determine whether the claim is true for the given context.
You must answer with a single word, ""True"" or ""False"".",Panorama City is a city in the Silicon Valley region
"The user will provide a claim and some relevant context.
Your job is to determine whether the claim is true for the given context.
You must answer with a single word, ""True"" or ""False"".",Bell is a city in the Silicon Valley region
"The user will provide a claim and some relevant context.
Your job is to determine whether the claim is true for the given context.
You must answer with a single word, ""True"" or ""False"".",North Hills is a city in the Silicon Valley region
"The user will provide a claim and some relevant context.
Your job is to determine whether the claim is true for the given context.
You must answer with a single word, ""True"" or ""False"".",Winnetka is a city in the Silicon Valley region
"The user will provide a claim and some relevant context.
Your job is to determine whether the claim is true for the given context.
You must answer with a single word, ""True"" or ""False"".",Arleta is a city in the Silicon Valley region
"The user will provide a claim and some relevant context.
Your job is to determine whether the claim is true for the given context.
You must answer with a single word, ""True"" or ""False"".",Encino is a city in the Silicon Valley region
"The user will provide a claim and some relevant context.
Your job is to determine whether the claim is true for the given context.
You must answer with a single word, ""True"" or ""False"".",Sherman Oaks is a city in the Silicon Valley region
"The user will provide a claim and some relevant context.
Your job is to determine whether the claim is true for the given context.
You must answer with a single word, ""True"" or ""False"".",Valley Glen is a city in the Silicon Valley region
"The user will provide a claim and some relevant context.
Your job is to determine whether the claim is true for the given context.
You must answer with a single word, ""True"" or ""False"".",Hollywood is a city in the Silicon Valley region
"The user will provide a claim and some relevant context.
Your job is to determine whether the claim is true for the given context.
You must answer with a single word, ""True"" or ""False"".",Reseda is a city in the Silicon Valley region
"The user will provide a claim and some relevant context.
Your job is to determine whether the claim is true for the given context.
You must answer with a single word, ""True"" or ""False"".",West Hollywood is a city in the Silicon Valley region
"The user will provide a claim and some relevant context.
Your job is to determine whether the claim is true for the given context.
You must answer with a single word, ""True"" or ""False"".",Walnut Park is a city in the Silicon Valley region
"The user will provide a claim and some relevant context.
Your job is to determine whether the claim is true for the given context.
You must answer with a single word, ""True"" or ""False"".",Cudahy is a city in the Silicon Valley region
"The user will provide a claim and some relevant context.
Your job is to determine whether the claim is true for the given context.
You must answer with a single word, ""True"" or ""False"".",Granada Hills is a city in the Silicon Valley region
"The user will provide a claim and some relevant context.
Your job is to determine whether the claim is true for the given context.
You must answer with a single word, ""True"" or ""False"".",Playa Vista is a city in the Silicon Valley region
"The user will provide a claim and some relevant context.
Your job is to determine whether the claim is true for the given context.
You must answer with a single word, ""True"" or ""False"".",Porter Ranch is a city in the Silicon Valley region
"The user will provide a claim and some relevant context.
Your job is to determine whether the claim is true for the given context.
You must answer with a single word, ""True"" or ""False"".",Harbor City is a city in the Silicon Valley region
"The user will provide a claim and some relevant context.
Your job is to determine whether the claim is true for the given context.
You must answer with a single word, ""True"" or ""False"".",San Valley is a city in the Silicon Valley region
"The user will provide a claim and some relevant context.
Your job is to determine whether the claim is true for the given context.
You must answer with a single word, ""True"" or ""False"".",Mission Hills is a city in the Silicon Valley region
"The user will provide a claim and some relevant context.
Your job is to determine whether the claim is true for the given context.
You must answer with a single word, ""True"" or ""False"".",Marina Del Rey is a city in the Silicon Valley region
"The user will provide a claim and some relevant context.
Your job is to determine whether the claim is true for the given context.
You must answer with a single word, ""True"" or ""False"".",Pacific Palisades is a city in the Silicon Valley region
"The user will provide a claim and some relevant context.
Your job is to determine whether the claim is true for the given context.
You must answer with a single word, ""True"" or ""False"".",Sunland is a city in the Silicon Valley region
"The user will provide a claim and some relevant context.
Your job is to determine whether the claim is true for the given context.
You must answer with a single word, ""True"" or ""False"".",Lake View Terrace is a city in the Silicon Valley region
"The user will provide a claim and some relevant context.
Your job is to determine whether the claim is true for the given context.
You must answer with a single word, ""True"" or ""False"".",Pacomia is a city in the Silicon Valley region
"The user will provide a claim and some relevant context.
Your job is to determine whether the claim is true for the given context.
You must answer with a single word, ""True"" or ""False"".",Studio City is a city in the Silicon Valley region
"The user will provide a claim and some relevant context.
Your job is to determine whether the claim is true for the given context.
You must answer with a single word, ""True"" or ""False"".",Rancho Palos Verdes is a city in the Silicon Valley region
"The user will provide a claim and some relevant context.
Your job is to determine whether the claim is true for the given context.
You must answer with a single word, ""True"" or ""False"".",Lomita is a city in the Silicon Valley region
"The user will provide a claim and some relevant context.
Your job is to determine whether the claim is true for the given context.
You must answer with a single word, ""True"" or ""False"".",Tarzana is a city in the Silicon Valley region
"The user will provide a claim and some relevant context.
Your job is to determine whether the claim is true for the given context.
You must answer with a single word, ""True"" or ""False"".",Playa Del Rey is a city in the Silicon Valley region
"The user will provide a claim and some relevant context.
Your job is to determine whether the claim is true for the given context.
You must answer with a single word, ""True"" or ""False"".",Topanga is a city in the Silicon Valley region
"The user will provide a claim and some relevant context.
Your job is to determine whether the claim is true for the given context.
You must answer with a single word, ""True"" or ""False"".",Los Nietos is a city in the Silicon Valley region
"The user will provide a claim and some relevant context.
Your job is to determine whether the claim is true for the given context.
You must answer with a single word, ""True"" or ""False"".",La Habra is a city in the Silicon Valley region
"The user will provide a claim and some relevant context.
Your job is to determine whether the claim is true for the given context.
You must answer with a single word, ""True"" or ""False"".",Lynwood is a city in the Silicon Valley region
"The user will provide a claim and some relevant context.
Your job is to determine whether the claim is true for the given context.
You must answer with a single word, ""True"" or ""False"".",South San Gabriel is a city in the Silicon Valley region
"The user will provide a claim and some relevant context.
Your job is to determine whether the claim is true for the given context.
You must answer with a single word, ""True"" or ""False"".",City of Commerce is a city in the Silicon Valley region
"The user will provide a claim and some relevant context.
Your job is to determine whether the claim is true for the given context.
You must answer with a single word, ""True"" or ""False"".",Stevenson Ranch is a city in the Silicon Valley region
"The user will provide a claim and some relevant context.
Your job is to determine whether the claim is true for the given context.
You must answer with a single word, ""True"" or ""False"".",Palos Verdes Estates is a city in the Silicon Valley region
"The user will provide a claim and some relevant context.
Your job is to determine whether the claim is true for the given context.
You must answer with a single word, ""True"" or ""False"".",Rolling Hills is a city in the Silicon Valley region
"The user will provide a claim and some relevant context.
Your job is to determine whether the claim is true for the given context.
You must answer with a single word, ""True"" or ""False"".",Palos Verdes Ests is a city in the Silicon Valley region
"The user will provide a claim and some relevant context.
Your job is to determine whether the claim is true for the given context.
You must answer with a single word, ""True"" or ""False"".",Rolling Hills Ests is a city in the Silicon Valley region
"The user will provide a claim and some relevant context.
Your job is to determine whether the claim is true for the given context.
You must answer with a single word, ""True"" or ""False"".",Rolling Hills Estates is a city in the Silicon Valley region
"The user will provide a claim and some relevant context.
Your job is to determine whether the claim is true for the given context.
You must answer with a single word, ""True"" or ""False"".",Rolling hills is a city in the Silicon Valley region
"The user will provide a claim and some relevant context.
Your job is to determine whether the claim is true for the given context.
You must answer with a single word, ""True"" or ""False"".",Sierra Madre is a city in the Silicon Valley region
"The user will provide a claim and some relevant context.
Your job is to determine whether the claim is true for the given context.
You must answer with a single word, ""True"" or ""False"".",Diamond Bar is a city in the Silicon Valley region
"The user will provide a claim and some relevant context.
Your job is to determine whether the claim is true for the given context.
You must answer with a single word, ""True"" or ""False"".",Santa Clarita is a city in the Silicon Valley region
"The user will provide a claim and some relevant context.
Your job is to determine whether the claim is true for the given context.
You must answer with a single word, ""True"" or ""False"".",Agua Dulce is a city in the Silicon Valley region
"The user will provide a claim and some relevant context.
Your job is to determine whether the claim is true for the given context.
You must answer with a single word, ""True"" or ""False"".",Leona Valley is a city in the Silicon Valley region
"The user will provide a claim and some relevant context.
Your job is to determine whether the claim is true for the given context.
You must answer with a single word, ""True"" or ""False"".","Acton, CA is a city in the Silicon Valley region"
"The user will provide a claim and some relevant context.
Your job is to determine whether the claim is true for the given context.
You must answer with a single word, ""True"" or ""False"".",San Marcos is a city in the Silicon Valley region
"The user will provide a claim and some relevant context.
Your job is to determine whether the claim is true for the given context.
You must answer with a single word, ""True"" or ""False"".",West Los Angeles is a city in the Silicon Valley region
"The user will provide a claim and some relevant context.
Your job is to determine whether the claim is true for the given context.
You must answer with a single word, ""True"" or ""False"".",Highland Park is a city in the Silicon Valley region
"The user will provide a claim and some relevant context.
Your job is to determine whether the claim is true for the given context.
You must answer with a single word, ""True"" or ""False"".",Madera is a city in the Silicon Valley region
"The user will provide a claim and some relevant context.
Your job is to determine whether the claim is true for the given context.
You must answer with a single word, ""True"" or ""False"".",Chowchilla is a city in the Silicon Valley region
"The user will provide a claim and some relevant context.
Your job is to determine whether the claim is true for the given context.
You must answer with a single word, ""True"" or ""False"".",Ahwahnee is a city in the Silicon Valley region
"The user will provide a claim and some relevant context.
Your job is to determine whether the claim is true for the given context.
You must answer with a single word, ""True"" or ""False"".",Oakhurst is a city in the Silicon Valley region
"The user will provide a claim and some relevant context.
Your job is to determine whether the claim is true for the given context.
You must answer with a single word, ""True"" or ""False"".",Wawona is a city in the Silicon Valley region
"The user will provide a claim and some relevant context.
Your job is to determine whether the claim is true for the given context.
You must answer with a single word, ""True"" or ""False"".",Bass Lake is a city in the Silicon Valley region
"The user will provide a claim and some relevant context.
Your job is to determine whether the claim is true for the given context.
You must answer with a single word, ""True"" or ""False"".",Yosemite Nt. Park is a city in the Silicon Valley region
"The user will provide a claim and some relevant context.
Your job is to determine whether the claim is true for the given context.
You must answer with a single word, ""True"" or ""False"".",Raymond is a city in the Silicon Valley region
"The user will provide a claim and some relevant context.
Your job is to determine whether the claim is true for the given context.
You must answer with a single word, ""True"" or ""False"".",O'Neals is a city in the Silicon Valley region
"The user will provide a claim and some relevant context.
Your job is to determine whether the claim is true for the given context.
You must answer with a single word, ""True"" or ""False"".",Coarsegold is a city in the Silicon Valley region
"The user will provide a claim and some relevant context.
Your job is to determine whether the claim is true for the given context.
You must answer with a single word, ""True"" or ""False"".",San Rafael is a city in the Silicon Valley region
"The user will provide a claim and some relevant context.
Your job is to determine whether the claim is true for the given context.
You must answer with a single word, ""True"" or ""False"".",San Anselmo is a city in the Silicon Valley region
"The user will provide a claim and some relevant context.
Your job is to determine whether the claim is true for the given context.
You must answer with a single word, ""True"" or ""False"".",Hamilton Afb is a city in the Silicon Valley region
"The user will provide a claim and some relevant context.
Your job is to determine whether the claim is true for the given context.
You must answer with a single word, ""True"" or ""False"".",Larkspur is a city in the Silicon Valley region
"The user will provide a claim and some relevant context.
Your job is to determine whether the claim is true for the given context.
You must answer with a single word, ""True"" or ""False"".",Corte Madera is a city in the Silicon Valley region
"The user will provide a claim and some relevant context.
Your job is to determine whether the claim is true for the given context.
You must answer with a single word, ""True"" or ""False"".",Tomales is a city in the Silicon Valley region
"The user will provide a claim and some relevant context.
Your job is to determine whether the claim is true for the given context.
You must answer with a single word, ""True"" or ""False"".",Point Reyes Station is a city in the Silicon Valley region
"The user will provide a claim and some relevant context.
Your job is to determine whether the claim is true for the given context.
You must answer with a single word, ""True"" or ""False"".",Fairfax is a city in the Silicon Valley region
"The user will provide a claim and some relevant context.
Your job is to determine whether the claim is true for the given context.
You must answer with a single word, ""True"" or ""False"".",Kentfield is a city in the Silicon Valley region
"The user will provide a claim and some relevant context.
Your job is to determine whether the claim is true for the given context.
You must answer with a single word, ""True"" or ""False"".",Mill Valley is a city in the Silicon Valley region
"The user will provide a claim and some relevant context.
Your job is to determine whether the claim is true for the given context.
You must answer with a single word, ""True"" or ""False"".",Ross is a city in the Silicon Valley region
"The user will provide a claim and some relevant context.
Your job is to determine whether the claim is true for the given context.
You must answer with a single word, ""True"" or ""False"".",Novato is a city in the Silicon Valley region
"The user will provide a claim and some relevant context.
Your job is to determine whether the claim is true for the given context.
You must answer with a single word, ""True"" or ""False"".",Bolinas is a city in the Silicon Valley region
"The user will provide a claim and some relevant context.
Your job is to determine whether the claim is true for the given context.
You must answer with a single word, ""True"" or ""False"".",Stinson Beach is a city in the Silicon Valley region
"The user will provide a claim and some relevant context.
Your job is to determine whether the claim is true for the given context.
You must answer with a single word, ""True"" or ""False"".",Greenbrae is a city in the Silicon Valley region
"The user will provide a claim and some relevant context.
Your job is to determine whether the claim is true for the given context.
You must answer with a single word, ""True"" or ""False"".",Petaluma is a city in the Silicon Valley region
"The user will provide a claim and some relevant context.
Your job is to determine whether the claim is true for the given context.
You must answer with a single word, ""True"" or ""False"".",San Geronimo is a city in the Silicon Valley region
"The user will provide a claim and some relevant context.
Your job is to determine whether the claim is true for the given context.
You must answer with a single word, ""True"" or ""False"".",Nicasio is a city in the Silicon Valley region
"The user will provide a claim and some relevant context.
Your job is to determine whether the claim is true for the given context.
You must answer with a single word, ""True"" or ""False"".",Ignacio is a city in the Silicon Valley region
"The user will provide a claim and some relevant context.
Your job is to determine whether the claim is true for the given context.
You must answer with a single word, ""True"" or ""False"".",Tiburon is a city in the Silicon Valley region
"The user will provide a claim and some relevant context.
Your job is to determine whether the claim is true for the given context.
You must answer with a single word, ""True"" or ""False"".",Belvedere is a city in the Silicon Valley region
"The user will provide a claim and some relevant context.
Your job is to determine whether the claim is true for the given context.
You must answer with a single word, ""True"" or ""False"".",Sausalito is a city in the Silicon Valley region
"The user will provide a claim and some relevant context.
Your job is to determine whether the claim is true for the given context.
You must answer with a single word, ""True"" or ""False"".",Marin City is a city in the Silicon Valley region
"The user will provide a claim and some relevant context.
Your job is to determine whether the claim is true for the given context.
You must answer with a single word, ""True"" or ""False"".",Inverness is a city in the Silicon Valley region
"The user will provide a claim and some relevant context.
Your job is to determine whether the claim is true for the given context.
You must answer with a single word, ""True"" or ""False"".",Bodega Bay is a city in the Silicon Valley region
"The user will provide a claim and some relevant context.
Your job is to determine whether the claim is true for the given context.
You must answer with a single word, ""True"" or ""False"".",Mariposa is a city in the Silicon Valley region
"The user will provide a claim and some relevant context.
Your job is to determine whether the claim is true for the given context.
You must answer with a single word, ""True"" or ""False"".",Coulterville is a city in the Silicon Valley region
"The user will provide a claim and some relevant context.
Your job is to determine whether the claim is true for the given context.
You must answer with a single word, ""True"" or ""False"".",Catheys Valley is a city in the Silicon Valley region
"The user will provide a claim and some relevant context.
Your job is to determine whether the claim is true for the given context.
You must answer with a single word, ""True"" or ""False"".",Yosemite is a city in the Silicon Valley region
"The user will provide a claim and some relevant context.
Your job is to determine whether the claim is true for the given context.
You must answer with a single word, ""True"" or ""False"".",El Portal is a city in the Silicon Valley region
"The user will provide a claim and some relevant context.
Your job is to determine whether the claim is true for the given context.
You must answer with a single word, ""True"" or ""False"".",Yosemite National Pk is a city in the Silicon Valley region
"The user will provide a claim and some relevant context.
Your job is to determine whether the claim is true for the given context.
You must answer with a single word, ""True"" or ""False"".",La Grange is a city in the Silicon Valley region
"The user will provide a claim and some relevant context.
Your job is to determine whether the claim is true for the given context.
You must answer with a single word, ""True"" or ""False"".",Ukiah is a city in the Silicon Valley region
"The user will provide a claim and some relevant context.
Your job is to determine whether the claim is true for the given context.
You must answer with a single word, ""True"" or ""False"".",Willits is a city in the Silicon Valley region
"The user will provide a claim and some relevant context.
Your job is to determine whether the claim is true for the given context.
You must answer with a single word, ""True"" or ""False"".",Fort Bragg is a city in the Silicon Valley region
"The user will provide a claim and some relevant context.
Your job is to determine whether the claim is true for the given context.
You must answer with a single word, ""True"" or ""False"".",Boonville is a city in the Silicon Valley region
"The user will provide a claim and some relevant context.
Your job is to determine whether the claim is true for the given context.
You must answer with a single word, ""True"" or ""False"".",Calpella is a city in the Silicon Valley region
"The user will provide a claim and some relevant context.
Your job is to determine whether the claim is true for the given context.
You must answer with a single word, ""True"" or ""False"".",Redwood Valley is a city in the Silicon Valley region
"The user will provide a claim and some relevant context.
Your job is to determine whether the claim is true for the given context.
You must answer with a single word, ""True"" or ""False"".",Potter Valley is a city in the Silicon Valley region
"The user will provide a claim and some relevant context.
Your job is to determine whether the claim is true for the given context.
You must answer with a single word, ""True"" or ""False"".",Point Arena is a city in the Silicon Valley region
"The user will provide a claim and some relevant context.
Your job is to determine whether the claim is true for the given context.
You must answer with a single word, ""True"" or ""False"".",Leggett is a city in the Silicon Valley region
"The user will provide a claim and some relevant context.
Your job is to determine whether the claim is true for the given context.
You must answer with a single word, ""True"" or ""False"".",Westport is a city in the Silicon Valley region
"The user will provide a claim and some relevant context.
Your job is to determine whether the claim is true for the given context.
You must answer with a single word, ""True"" or ""False"".",Manchester is a city in the Silicon Valley region
"The user will provide a claim and some relevant context.
Your job is to determine whether the claim is true for the given context.
You must answer with a single word, ""True"" or ""False"".",Mendocino is a city in the Silicon Valley region
"The user will provide a claim and some relevant context.
Your job is to determine whether the claim is true for the given context.
You must answer with a single word, ""True"" or ""False"".",Comptche is a city in the Silicon Valley region
"The user will provide a claim and some relevant context.
Your job is to determine whether the claim is true for the given context.
You must answer with a single word, ""True"" or ""False"".",Elk is a city in the Silicon Valley region
"The user will provide a claim and some relevant context.
Your job is to determine whether the claim is true for the given context.
You must answer with a single word, ""True"" or ""False"".",Albion is a city in the Silicon Valley region
"The user will provide a claim and some relevant context.
Your job is to determine whether the claim is true for the given context.
You must answer with a single word, ""True"" or ""False"".",Covelo is a city in the Silicon Valley region
"The user will provide a claim and some relevant context.
Your job is to determine whether the claim is true for the given context.
You must answer with a single word, ""True"" or ""False"".",Hopland is a city in the Silicon Valley region
"The user will provide a claim and some relevant context.
Your job is to determine whether the claim is true for the given context.
You must answer with a single word, ""True"" or ""False"".",Laytonville is a city in the Silicon Valley region
"The user will provide a claim and some relevant context.
Your job is to determine whether the claim is true for the given context.
You must answer with a single word, ""True"" or ""False"".",Piercy is a city in the Silicon Valley region
"The user will provide a claim and some relevant context.
Your job is to determine whether the claim is true for the given context.
You must answer with a single word, ""True"" or ""False"".",Merced is a city in the Silicon Valley region
"The user will provide a claim and some relevant context.
Your job is to determine whether the claim is true for the given context.
You must answer with a single word, ""True"" or ""False"".",Livingston is a city in the Silicon Valley region
"The user will provide a claim and some relevant context.
Your job is to determine whether the claim is true for the given context.
You must answer with a single word, ""True"" or ""False"".",Atwater is a city in the Silicon Valley region
"The user will provide a claim and some relevant context.
Your job is to determine whether the claim is true for the given context.
You must answer with a single word, ""True"" or ""False"".",Los Banos is a city in the Silicon Valley region
"The user will provide a claim and some relevant context.
Your job is to determine whether the claim is true for the given context.
You must answer with a single word, ""True"" or ""False"".",Planada is a city in the Silicon Valley region
"The user will provide a claim and some relevant context.
Your job is to determine whether the claim is true for the given context.
You must answer with a single word, ""True"" or ""False"".",Winton is a city in the Silicon Valley region
"The user will provide a claim and some relevant context.
Your job is to determine whether the claim is true for the given context.
You must answer with a single word, ""True"" or ""False"".",Ballico is a city in the Silicon Valley region
"The user will provide a claim and some relevant context.
Your job is to determine whether the claim is true for the given context.
You must answer with a single word, ""True"" or ""False"".",Cressey is a city in the Silicon Valley region
"The user will provide a claim and some relevant context.
Your job is to determine whether the claim is true for the given context.
You must answer with a single word, ""True"" or ""False"".",Delhi is a city in the Silicon Valley region
"The user will provide a claim and some relevant context.
Your job is to determine whether the claim is true for the given context.
You must answer with a single word, ""True"" or ""False"".",Dos Palos is a city in the Silicon Valley region
"The user will provide a claim and some relevant context.
Your job is to determine whether the claim is true for the given context.
You must answer with a single word, ""True"" or ""False"".",El Nido is a city in the Silicon Valley region
"The user will provide a claim and some relevant context.
Your job is to determine whether the claim is true for the given context.
You must answer with a single word, ""True"" or ""False"".",Hilmar is a city in the Silicon Valley region
"The user will provide a claim and some relevant context.
Your job is to determine whether the claim is true for the given context.
You must answer with a single word, ""True"" or ""False"".",Stevinson is a city in the Silicon Valley region
"The user will provide a claim and some relevant context.
Your job is to determine whether the claim is true for the given context.
You must answer with a single word, ""True"" or ""False"".",Le Grand is a city in the Silicon Valley region
"The user will provide a claim and some relevant context.
Your job is to determine whether the claim is true for the given context.
You must answer with a single word, ""True"" or ""False"".",Snelling is a city in the Silicon Valley region
"The user will provide a claim and some relevant context.
Your job is to determine whether the claim is true for the given context.
You must answer with a single word, ""True"" or ""False"".",Gustine is a city in the Silicon Valley region
"The user will provide a claim and some relevant context.
Your job is to determine whether the claim is true for the given context.
You must answer with a single word, ""True"" or ""False"".",Santa Nella is a city in the Silicon Valley region
"The user will provide a claim and some relevant context.
Your job is to determine whether the claim is true for the given context.
You must answer with a single word, ""True"" or ""False"".",South Dos Palos is a city in the Silicon Valley region
"The user will provide a claim and some relevant context.
Your job is to determine whether the claim is true for the given context.
You must answer with a single word, ""True"" or ""False"".",Alturas is a city in the Silicon Valley region
"The user will provide a claim and some relevant context.
Your job is to determine whether the claim is true for the given context.
You must answer with a single word, ""True"" or ""False"".",Canby is a city in the Silicon Valley region
"The user will provide a claim and some relevant context.
Your job is to determine whether the claim is true for the given context.
You must answer with a single word, ""True"" or ""False"".",Tulelake is a city in the Silicon Valley region
"The user will provide a claim and some relevant context.
Your job is to determine whether the claim is true for the given context.
You must answer with a single word, ""True"" or ""False"".",Cedarville is a city in the Silicon Valley region
"The user will provide a claim and some relevant context.
Your job is to determine whether the claim is true for the given context.
You must answer with a single word, ""True"" or ""False"".",Likely is a city in the Silicon Valley region
"The user will provide a claim and some relevant context.
Your job is to determine whether the claim is true for the given context.
You must answer with a single word, ""True"" or ""False"".",New Pine Creek is a city in the Silicon Valley region
"The user will provide a claim and some relevant context.
Your job is to determine whether the claim is true for the given context.
You must answer with a single word, ""True"" or ""False"".",Bridgeport is a city in the Silicon Valley region
"The user will provide a claim and some relevant context.
Your job is to determine whether the claim is true for the given context.
You must answer with a single word, ""True"" or ""False"".",Lee Vining is a city in the Silicon Valley region
"The user will provide a claim and some relevant context.
Your job is to determine whether the claim is true for the given context.
You must answer with a single word, ""True"" or ""False"".",San Diego is a city in the Silicon Valley region
"The user will provide a claim and some relevant context.
Your job is to determine whether the claim is true for the given context.
You must answer with a single word, ""True"" or ""False"".",Fullerton is a city in the Silicon Valley region
"The user will provide a claim and some relevant context.
Your job is to determine whether the claim is true for the given context.
You must answer with a single word, ""True"" or ""False"".",Coleville is a city in the Silicon Valley region
"The user will provide a claim and some relevant context.
Your job is to determine whether the claim is true for the given context.
You must answer with a single word, ""True"" or ""False"".",Mammoth Lakes is a city in the Silicon Valley region
"The user will provide a claim and some relevant context.
Your job is to determine whether the claim is true for the given context.
You must answer with a single word, ""True"" or ""False"".",Benton is a city in the Silicon Valley region
"The user will provide a claim and some relevant context.
Your job is to determine whether the claim is true for the given context.
You must answer with a single word, ""True"" or ""False"".",Salinas is a city in the Silicon Valley region
"The user will provide a claim and some relevant context.
Your job is to determine whether the claim is true for the given context.
You must answer with a single word, ""True"" or ""False"".",Pacific Grove is a city in the Silicon Valley region
"The user will provide a claim and some relevant context.
Your job is to determine whether the claim is true for the given context.
You must answer with a single word, ""True"" or ""False"".",Monterey is a city in the Silicon Valley region
"The user will provide a claim and some relevant context.
Your job is to determine whether the claim is true for the given context.
You must answer with a single word, ""True"" or ""False"".",Soledad is a city in the Silicon Valley region
"The user will provide a claim and some relevant context.
Your job is to determine whether the claim is true for the given context.
You must answer with a single word, ""True"" or ""False"".",Fort Ord is a city in the Silicon Valley region
"The user will provide a claim and some relevant context.
Your job is to determine whether the claim is true for the given context.
You must answer with a single word, ""True"" or ""False"".",King City is a city in the Silicon Valley region
"The user will provide a claim and some relevant context.
Your job is to determine whether the claim is true for the given context.
You must answer with a single word, ""True"" or ""False"".",Bradley is a city in the Silicon Valley region
"The user will provide a claim and some relevant context.
Your job is to determine whether the claim is true for the given context.
You must answer with a single word, ""True"" or ""False"".",Carmel is a city in the Silicon Valley region
"The user will provide a claim and some relevant context.
Your job is to determine whether the claim is true for the given context.
You must answer with a single word, ""True"" or ""False"".",Big Sur is a city in the Silicon Valley region
"The user will provide a claim and some relevant context.
Your job is to determine whether the claim is true for the given context.
You must answer with a single word, ""True"" or ""False"".",Carmel Valley is a city in the Silicon Valley region
"The user will provide a claim and some relevant context.
Your job is to determine whether the claim is true for the given context.
You must answer with a single word, ""True"" or ""False"".",Chualar is a city in the Silicon Valley region
"The user will provide a claim and some relevant context.
Your job is to determine whether the claim is true for the given context.
You must answer with a single word, ""True"" or ""False"".",Gonzales is a city in the Silicon Valley region
"The user will provide a claim and some relevant context.
Your job is to determine whether the claim is true for the given context.
You must answer with a single word, ""True"" or ""False"".",Greenfield is a city in the Silicon Valley region
"The user will provide a claim and some relevant context.
Your job is to determine whether the claim is true for the given context.
You must answer with a single word, ""True"" or ""False"".",Marina is a city in the Silicon Valley region
"The user will provide a claim and some relevant context.
Your job is to determine whether the claim is true for the given context.
You must answer with a single word, ""True"" or ""False"".",Seaside is a city in the Silicon Valley region
"The user will provide a claim and some relevant context.
Your job is to determine whether the claim is true for the given context.
You must answer with a single word, ""True"" or ""False"".",Lockwood is a city in the Silicon Valley region
"The user will provide a claim and some relevant context.
Your job is to determine whether the claim is true for the given context.
You must answer with a single word, ""True"" or ""False"".",San Ardo is a city in the Silicon Valley region
"The user will provide a claim and some relevant context.
Your job is to determine whether the claim is true for the given context.
You must answer with a single word, ""True"" or ""False"".",San Lucas is a city in the Silicon Valley region
"The user will provide a claim and some relevant context.
Your job is to determine whether the claim is true for the given context.
You must answer with a single word, ""True"" or ""False"".",Spreckels is a city in the Silicon Valley region
"The user will provide a claim and some relevant context.
Your job is to determine whether the claim is true for the given context.
You must answer with a single word, ""True"" or ""False"".",Moss Landing is a city in the Silicon Valley region
"The user will provide a claim and some relevant context.
Your job is to determine whether the claim is true for the given context.
You must answer with a single word, ""True"" or ""False"".",Castroville is a city in the Silicon Valley region
"The user will provide a claim and some relevant context.
Your job is to determine whether the claim is true for the given context.
You must answer with a single word, ""True"" or ""False"".",Prunedale is a city in the Silicon Valley region
"The user will provide a claim and some relevant context.
Your job is to determine whether the claim is true for the given context.
You must answer with a single word, ""True"" or ""False"".",Watsonville is a city in the Silicon Valley region
"The user will provide a claim and some relevant context.
Your job is to determine whether the claim is true for the given context.
You must answer with a single word, ""True"" or ""False"".",Napa is a city in the Silicon Valley region
"The user will provide a claim and some relevant context.
Your job is to determine whether the claim is true for the given context.
You must answer with a single word, ""True"" or ""False"".",St. Helena is a city in the Silicon Valley region
"The user will provide a claim and some relevant context.
Your job is to determine whether the claim is true for the given context.
You must answer with a single word, ""True"" or ""False"".",Calistoga is a city in the Silicon Valley region
"The user will provide a claim and some relevant context.
Your job is to determine whether the claim is true for the given context.
You must answer with a single word, ""True"" or ""False"".",Angwin is a city in the Silicon Valley region
"The user will provide a claim and some relevant context.
Your job is to determine whether the claim is true for the given context.
You must answer with a single word, ""True"" or ""False"".",American Canyon is a city in the Silicon Valley region
"The user will provide a claim and some relevant context.
Your job is to determine whether the claim is true for the given context.
You must answer with a single word, ""True"" or ""False"".",Yountville is a city in the Silicon Valley region
"The user will provide a claim and some relevant context.
Your job is to determine whether the claim is true for the given context.
You must answer with a single word, ""True"" or ""False"".",Pope Valley is a city in the Silicon Valley region
"The user will provide a claim and some relevant context.
Your job is to determine whether the claim is true for the given context.
You must answer with a single word, ""True"" or ""False"".",Nevada City is a city in the Silicon Valley region
"The user will provide a claim and some relevant context.
Your job is to determine whether the claim is true for the given context.
You must answer with a single word, ""True"" or ""False"".",Grass Valley is a city in the Silicon Valley region
"The user will provide a claim and some relevant context.
Your job is to determine whether the claim is true for the given context.
You must answer with a single word, ""True"" or ""False"".",NEvada City is a city in the Silicon Valley region
"The user will provide a claim and some relevant context.
Your job is to determine whether the claim is true for the given context.
You must answer with a single word, ""True"" or ""False"".",Penn Valley is a city in the Silicon Valley region
"The user will provide a claim and some relevant context.
Your job is to determine whether the claim is true for the given context.
You must answer with a single word, ""True"" or ""False"".",Nevady City is a city in the Silicon Valley region
"The user will provide a claim and some relevant context.
Your job is to determine whether the claim is true for the given context.
You must answer with a single word, ""True"" or ""False"".",Washington is a city in the Silicon Valley region
"The user will provide a claim and some relevant context.
Your job is to determine whether the claim is true for the given context.
You must answer with a single word, ""True"" or ""False"".",North San Juan is a city in the Silicon Valley region
"The user will provide a claim and some relevant context.
Your job is to determine whether the claim is true for the given context.
You must answer with a single word, ""True"" or ""False"".",Santa Rosa is a city in the Silicon Valley region
"The user will provide a claim and some relevant context.
Your job is to determine whether the claim is true for the given context.
You must answer with a single word, ""True"" or ""False"".",Fair Oaks is a city in the Silicon Valley region
"The user will provide a claim and some relevant context.
Your job is to determine whether the claim is true for the given context.
You must answer with a single word, ""True"" or ""False"".",Rocklin is a city in the Silicon Valley region
"The user will provide a claim and some relevant context.
Your job is to determine whether the claim is true for the given context.
You must answer with a single word, ""True"" or ""False"".",Santa Ana is a city in the Silicon Valley region
"The user will provide a claim and some relevant context.
Your job is to determine whether the claim is true for the given context.
You must answer with a single word, ""True"" or ""False"".",Lake Forest is a city in the Silicon Valley region
"The user will provide a claim and some relevant context.
Your job is to determine whether the claim is true for the given context.
You must answer with a single word, ""True"" or ""False"".",Orange is a city in the Silicon Valley region
"The user will provide a claim and some relevant context.
Your job is to determine whether the claim is true for the given context.
You must answer with a single word, ""True"" or ""False"".",Laguna Niguel is a city in the Silicon Valley region
"The user will provide a claim and some relevant context.
Your job is to determine whether the claim is true for the given context.
You must answer with a single word, ""True"" or ""False"".",Anaheim is a city in the Silicon Valley region
"The user will provide a claim and some relevant context.
Your job is to determine whether the claim is true for the given context.
You must answer with a single word, ""True"" or ""False"".",Garden Grove is a city in the Silicon Valley region
"The user will provide a claim and some relevant context.
Your job is to determine whether the claim is true for the given context.
You must answer with a single word, ""True"" or ""False"".",Trabuco Canyon is a city in the Silicon Valley region
"The user will provide a claim and some relevant context.
Your job is to determine whether the claim is true for the given context.
You must answer with a single word, ""True"" or ""False"".",Elsinor is a city in the Silicon Valley region
"The user will provide a claim and some relevant context.
Your job is to determine whether the claim is true for the given context.
You must answer with a single word, ""True"" or ""False"".",Buena Park is a city in the Silicon Valley region
"The user will provide a claim and some relevant context.
Your job is to determine whether the claim is true for the given context.
You must answer with a single word, ""True"" or ""False"".",Irvine is a city in the Silicon Valley region
"The user will provide a claim and some relevant context.
Your job is to determine whether the claim is true for the given context.
You must answer with a single word, ""True"" or ""False"".",Huntington Beach is a city in the Silicon Valley region
"The user will provide a claim and some relevant context.
Your job is to determine whether the claim is true for the given context.
You must answer with a single word, ""True"" or ""False"".",Fountain Valley is a city in the Silicon Valley region
"The user will provide a claim and some relevant context.
Your job is to determine whether the claim is true for the given context.
You must answer with a single word, ""True"" or ""False"".",Placentia is a city in the Silicon Valley region
"The user will provide a claim and some relevant context.
Your job is to determine whether the claim is true for the given context.
You must answer with a single word, ""True"" or ""False"".",Dana Point is a city in the Silicon Valley region
"The user will provide a claim and some relevant context.
Your job is to determine whether the claim is true for the given context.
You must answer with a single word, ""True"" or ""False"".",Mission Viejo is a city in the Silicon Valley region
"The user will provide a claim and some relevant context.
Your job is to determine whether the claim is true for the given context.
You must answer with a single word, ""True"" or ""False"".",Brea is a city in the Silicon Valley region
"The user will provide a claim and some relevant context.
Your job is to determine whether the claim is true for the given context.
You must answer with a single word, ""True"" or ""False"".",Cypress is a city in the Silicon Valley region
"The user will provide a claim and some relevant context.
Your job is to determine whether the claim is true for the given context.
You must answer with a single word, ""True"" or ""False"".",La Palma is a city in the Silicon Valley region
"The user will provide a claim and some relevant context.
Your job is to determine whether the claim is true for the given context.
You must answer with a single word, ""True"" or ""False"".",San Juan Capistrano is a city in the Silicon Valley region
"The user will provide a claim and some relevant context.
Your job is to determine whether the claim is true for the given context.
You must answer with a single word, ""True"" or ""False"".",Aliso Viejo is a city in the Silicon Valley region
"The user will provide a claim and some relevant context.
Your job is to determine whether the claim is true for the given context.
You must answer with a single word, ""True"" or ""False"".",San Clemente is a city in the Silicon Valley region
"The user will provide a claim and some relevant context.
Your job is to determine whether the claim is true for the given context.
You must answer with a single word, ""True"" or ""False"".",Ladera Ranch is a city in the Silicon Valley region
"The user will provide a claim and some relevant context.
Your job is to determine whether the claim is true for the given context.
You must answer with a single word, ""True"" or ""False"".",Rancho Santa Margarita is a city in the Silicon Valley region
"The user will provide a claim and some relevant context.
Your job is to determine whether the claim is true for the given context.
You must answer with a single word, ""True"" or ""False"".",Capistrano Beach is a city in the Silicon Valley region
"The user will provide a claim and some relevant context.
Your job is to determine whether the claim is true for the given context.
You must answer with a single word, ""True"" or ""False"".",Las Flores is a city in the Silicon Valley region
"The user will provide a claim and some relevant context.
Your job is to determine whether the claim is true for the given context.
You must answer with a single word, ""True"" or ""False"".",San Juan is a city in the Silicon Valley region
"The user will provide a claim and some relevant context.
Your job is to determine whether the claim is true for the given context.
You must answer with a single word, ""True"" or ""False"".",Coto De Caza is a city in the Silicon Valley region
"The user will provide a claim and some relevant context.
Your job is to determine whether the claim is true for the given context.
You must answer with a single word, ""True"" or ""False"".",Los Flores is a city in the Silicon Valley region
"The user will provide a claim and some relevant context.
Your job is to determine whether the claim is true for the given context.
You must answer with a single word, ""True"" or ""False"".",Stanton is a city in the Silicon Valley region
"The user will provide a claim and some relevant context.
Your job is to determine whether the claim is true for the given context.
You must answer with a single word, ""True"" or ""False"".",Laguna Beach is a city in the Silicon Valley region
"The user will provide a claim and some relevant context.
Your job is to determine whether the claim is true for the given context.
You must answer with a single word, ""True"" or ""False"".",South Laguna is a city in the Silicon Valley region
"The user will provide a claim and some relevant context.
Your job is to determine whether the claim is true for the given context.
You must answer with a single word, ""True"" or ""False"".",Corona Del Mar is a city in the Silicon Valley region
"The user will provide a claim and some relevant context.
Your job is to determine whether the claim is true for the given context.
You must answer with a single word, ""True"" or ""False"".",Midway City is a city in the Silicon Valley region
"The user will provide a claim and some relevant context.
Your job is to determine whether the claim is true for the given context.
You must answer with a single word, ""True"" or ""False"".",Victorville is a city in the Silicon Valley region
"The user will provide a claim and some relevant context.
Your job is to determine whether the claim is true for the given context.
You must answer with a single word, ""True"" or ""False"".",Villa Park is a city in the Silicon Valley region
"The user will provide a claim and some relevant context.
Your job is to determine whether the claim is true for the given context.
You must answer with a single word, ""True"" or ""False"".",Silverado is a city in the Silicon Valley region
"The user will provide a claim and some relevant context.
Your job is to determine whether the claim is true for the given context.
You must answer with a single word, ""True"" or ""False"".",Yorba Linda is a city in the Silicon Valley region
"The user will provide a claim and some relevant context.
Your job is to determine whether the claim is true for the given context.
You must answer with a single word, ""True"" or ""False"".","Yorba Linda, CA is a city in the Silicon Valley region"
"The user will provide a claim and some relevant context.
Your job is to determine whether the claim is true for the given context.
You must answer with a single word, ""True"" or ""False"".",East Irvine is a city in the Silicon Valley region
"The user will provide a claim and some relevant context.
Your job is to determine whether the claim is true for the given context.
You must answer with a single word, ""True"" or ""False"".",Seal Beach is a city in the Silicon Valley region
"The user will provide a claim and some relevant context.
Your job is to determine whether the claim is true for the given context.
You must answer with a single word, ""True"" or ""False"".",Laguna Hills is a city in the Silicon Valley region
"The user will provide a claim and some relevant context.
Your job is to determine whether the claim is true for the given context.
You must answer with a single word, ""True"" or ""False"".",Foothill Ranch is a city in the Silicon Valley region
"The user will provide a claim and some relevant context.
Your job is to determine whether the claim is true for the given context.
You must answer with a single word, ""True"" or ""False"".",Tustin is a city in the Silicon Valley region
"The user will provide a claim and some relevant context.
Your job is to determine whether the claim is true for the given context.
You must answer with a single word, ""True"" or ""False"".",Auburn is a city in the Silicon Valley region
"The user will provide a claim and some relevant context.
Your job is to determine whether the claim is true for the given context.
You must answer with a single word, ""True"" or ""False"".",Newcastle is a city in the Silicon Valley region
"The user will provide a claim and some relevant context.
Your job is to determine whether the claim is true for the given context.
You must answer with a single word, ""True"" or ""False"".",Meadow Vista is a city in the Silicon Valley region
"The user will provide a claim and some relevant context.
Your job is to determine whether the claim is true for the given context.
You must answer with a single word, ""True"" or ""False"".",Colfax is a city in the Silicon Valley region
"The user will provide a claim and some relevant context.
Your job is to determine whether the claim is true for the given context.
You must answer with a single word, ""True"" or ""False"".",Alta is a city in the Silicon Valley region
"The user will provide a claim and some relevant context.
Your job is to determine whether the claim is true for the given context.
You must answer with a single word, ""True"" or ""False"".",Emigrant Gap is a city in the Silicon Valley region
"The user will provide a claim and some relevant context.
Your job is to determine whether the claim is true for the given context.
You must answer with a single word, ""True"" or ""False"".",Roseville is a city in the Silicon Valley region
"The user will provide a claim and some relevant context.
Your job is to determine whether the claim is true for the given context.
You must answer with a single word, ""True"" or ""False"".",Antelope is a city in the Silicon Valley region
"The user will provide a claim and some relevant context.
Your job is to determine whether the claim is true for the given context.
You must answer with a single word, ""True"" or ""False"".",Granite Bay is a city in the Silicon Valley region
"The user will provide a claim and some relevant context.
Your job is to determine whether the claim is true for the given context.
You must answer with a single word, ""True"" or ""False"".",Foresthill is a city in the Silicon Valley region
"The user will provide a claim and some relevant context.
Your job is to determine whether the claim is true for the given context.
You must answer with a single word, ""True"" or ""False"".",Loomis is a city in the Silicon Valley region
"The user will provide a claim and some relevant context.
Your job is to determine whether the claim is true for the given context.
You must answer with a single word, ""True"" or ""False"".",Penryn is a city in the Silicon Valley region
"The user will provide a claim and some relevant context.
Your job is to determine whether the claim is true for the given context.
You must answer with a single word, ""True"" or ""False"".",Olympic Valley is a city in the Silicon Valley region
"The user will provide a claim and some relevant context.
Your job is to determine whether the claim is true for the given context.
You must answer with a single word, ""True"" or ""False"".",Weimar is a city in the Silicon Valley region
"The user will provide a claim and some relevant context.
Your job is to determine whether the claim is true for the given context.
You must answer with a single word, ""True"" or ""False"".",Truckee is a city in the Silicon Valley region
"The user will provide a claim and some relevant context.
Your job is to determine whether the claim is true for the given context.
You must answer with a single word, ""True"" or ""False"".",Tahoe City is a city in the Silicon Valley region
"The user will provide a claim and some relevant context.
Your job is to determine whether the claim is true for the given context.
You must answer with a single word, ""True"" or ""False"".",Kingvale is a city in the Silicon Valley region
"The user will provide a claim and some relevant context.
Your job is to determine whether the claim is true for the given context.
You must answer with a single word, ""True"" or ""False"".",Kings Beach is a city in the Silicon Valley region
"The user will provide a claim and some relevant context.
Your job is to determine whether the claim is true for the given context.
You must answer with a single word, ""True"" or ""False"".",Lincoln is a city in the Silicon Valley region
"The user will provide a claim and some relevant context.
Your job is to determine whether the claim is true for the given context.
You must answer with a single word, ""True"" or ""False"".",Sheridan is a city in the Silicon Valley region
"The user will provide a claim and some relevant context.
Your job is to determine whether the claim is true for the given context.
You must answer with a single word, ""True"" or ""False"".",Quincy is a city in the Silicon Valley region
"The user will provide a claim and some relevant context.
Your job is to determine whether the claim is true for the given context.
You must answer with a single word, ""True"" or ""False"".",Chester is a city in the Silicon Valley region
"The user will provide a claim and some relevant context.
Your job is to determine whether the claim is true for the given context.
You must answer with a single word, ""True"" or ""False"".",Portola is a city in the Silicon Valley region
"The user will provide a claim and some relevant context.
Your job is to determine whether the claim is true for the given context.
You must answer with a single word, ""True"" or ""False"".",Greenville is a city in the Silicon Valley region
"The user will provide a claim and some relevant context.
Your job is to determine whether the claim is true for the given context.
You must answer with a single word, ""True"" or ""False"".",Meadow Valley is a city in the Silicon Valley region
"The user will provide a claim and some relevant context.
Your job is to determine whether the claim is true for the given context.
You must answer with a single word, ""True"" or ""False"".",Taylorsville is a city in the Silicon Valley region
"The user will provide a claim and some relevant context.
Your job is to determine whether the claim is true for the given context.
You must answer with a single word, ""True"" or ""False"".",La Port is a city in the Silicon Valley region
"The user will provide a claim and some relevant context.
Your job is to determine whether the claim is true for the given context.
You must answer with a single word, ""True"" or ""False"".",Riverside is a city in the Silicon Valley region
"The user will provide a claim and some relevant context.
Your job is to determine whether the claim is true for the given context.
You must answer with a single word, ""True"" or ""False"".",Temecula is a city in the Silicon Valley region
"The user will provide a claim and some relevant context.
Your job is to determine whether the claim is true for the given context.
You must answer with a single word, ""True"" or ""False"".",Moreno Valley is a city in the Silicon Valley region
"The user will provide a claim and some relevant context.
Your job is to determine whether the claim is true for the given context.
You must answer with a single word, ""True"" or ""False"".",Coachella is a city in the Silicon Valley region
"The user will provide a claim and some relevant context.
Your job is to determine whether the claim is true for the given context.
You must answer with a single word, ""True"" or ""False"".","Riverside, CA 92501 is a city in the Silicon Valley region"
"The user will provide a claim and some relevant context.
Your job is to determine whether the claim is true for the given context.
You must answer with a single word, ""True"" or ""False"".",Thousand Palms is a city in the Silicon Valley region
"The user will provide a claim and some relevant context.
Your job is to determine whether the claim is true for the given context.
You must answer with a single word, ""True"" or ""False"".",Palm Springs is a city in the Silicon Valley region
"The user will provide a claim and some relevant context.
Your job is to determine whether the claim is true for the given context.
You must answer with a single word, ""True"" or ""False"".",Banning is a city in the Silicon Valley region
"The user will provide a claim and some relevant context.
Your job is to determine whether the claim is true for the given context.
You must answer with a single word, ""True"" or ""False"".",Hemet is a city in the Silicon Valley region
"The user will provide a claim and some relevant context.
Your job is to determine whether the claim is true for the given context.
You must answer with a single word, ""True"" or ""False"".",Palm Desert is a city in the Silicon Valley region
"The user will provide a claim and some relevant context.
Your job is to determine whether the claim is true for the given context.
You must answer with a single word, ""True"" or ""False"".",Blythe is a city in the Silicon Valley region
"The user will provide a claim and some relevant context.
Your job is to determine whether the claim is true for the given context.
You must answer with a single word, ""True"" or ""False"".",Nuevo is a city in the Silicon Valley region
"The user will provide a claim and some relevant context.
Your job is to determine whether the claim is true for the given context.
You must answer with a single word, ""True"" or ""False"".",Thermal is a city in the Silicon Valley region
"The user will provide a claim and some relevant context.
Your job is to determine whether the claim is true for the given context.
You must answer with a single word, ""True"" or ""False"".",San Jacinto is a city in the Silicon Valley region
"The user will provide a claim and some relevant context.
Your job is to determine whether the claim is true for the given context.
You must answer with a single word, ""True"" or ""False"".",Lake Elisnore is a city in the Silicon Valley region
"The user will provide a claim and some relevant context.
Your job is to determine whether the claim is true for the given context.
You must answer with a single word, ""True"" or ""False"".",Perris is a city in the Silicon Valley region
"The user will provide a claim and some relevant context.
Your job is to determine whether the claim is true for the given context.
You must answer with a single word, ""True"" or ""False"".",Sunnymead is a city in the Silicon Valley region
"The user will provide a claim and some relevant context.
Your job is to determine whether the claim is true for the given context.
You must answer with a single word, ""True"" or ""False"".",Beaumont is a city in the Silicon Valley region
"The user will provide a claim and some relevant context.
Your job is to determine whether the claim is true for the given context.
You must answer with a single word, ""True"" or ""False"".",Corona is a city in the Silicon Valley region
"The user will provide a claim and some relevant context.
Your job is to determine whether the claim is true for the given context.
You must answer with a single word, ""True"" or ""False"".",Whitewater is a city in the Silicon Valley region
"The user will provide a claim and some relevant context.
Your job is to determine whether the claim is true for the given context.
You must answer with a single word, ""True"" or ""False"".",Cabazon is a city in the Silicon Valley region
"The user will provide a claim and some relevant context.
Your job is to determine whether the claim is true for the given context.
You must answer with a single word, ""True"" or ""False"".",Norco is a city in the Silicon Valley region
"The user will provide a claim and some relevant context.
Your job is to determine whether the claim is true for the given context.
You must answer with a single word, ""True"" or ""False"".",Eastvale is a city in the Silicon Valley region
"The user will provide a claim and some relevant context.
Your job is to determine whether the claim is true for the given context.
You must answer with a single word, ""True"" or ""False"".",Jurupa Valley is a city in the Silicon Valley region
"The user will provide a claim and some relevant context.
Your job is to determine whether the claim is true for the given context.
You must answer with a single word, ""True"" or ""False"".",Desert Center is a city in the Silicon Valley region
"The user will provide a claim and some relevant context.
Your job is to determine whether the claim is true for the given context.
You must answer with a single word, ""True"" or ""False"".",Eagle Mountain is a city in the Silicon Valley region
"The user will provide a claim and some relevant context.
Your job is to determine whether the claim is true for the given context.
You must answer with a single word, ""True"" or ""False"".",La Quinta is a city in the Silicon Valley region
"The user will provide a claim and some relevant context.
Your job is to determine whether the claim is true for the given context.
You must answer with a single word, ""True"" or ""False"".",Bermuda Dunes is a city in the Silicon Valley region
"The user will provide a claim and some relevant context.
Your job is to determine whether the claim is true for the given context.
You must answer with a single word, ""True"" or ""False"".",Indian Wells is a city in the Silicon Valley region
"The user will provide a claim and some relevant context.
Your job is to determine whether the claim is true for the given context.
You must answer with a single word, ""True"" or ""False"".",Lake Elsinore is a city in the Silicon Valley region
"The user will provide a claim and some relevant context.
Your job is to determine whether the claim is true for the given context.
You must answer with a single word, ""True"" or ""False"".",Wildomar is a city in the Silicon Valley region
"The user will provide a claim and some relevant context.
Your job is to determine whether the claim is true for the given context.
You must answer with a single word, ""True"" or ""False"".",Lake Elisnor is a city in the Silicon Valley region
"The user will provide a claim and some relevant context.
Your job is to determine whether the claim is true for the given context.
You must answer with a single word, ""True"" or ""False"".",Lake  Elsinore is a city in the Silicon Valley region
"The user will provide a claim and some relevant context.
Your job is to determine whether the claim is true for the given context.
You must answer with a single word, ""True"" or ""False"".",Elsinore is a city in the Silicon Valley region
"The user will provide a claim and some relevant context.
Your job is to determine whether the claim is true for the given context.
You must answer with a single word, ""True"" or ""False"".",Anza is a city in the Silicon Valley region
"The user will provide a claim and some relevant context.
Your job is to determine whether the claim is true for the given context.
You must answer with a single word, ""True"" or ""False"".",Idyllwild is a city in the Silicon Valley region
"The user will provide a claim and some relevant context.
Your job is to determine whether the claim is true for the given context.
You must answer with a single word, ""True"" or ""False"".",Winchester is a city in the Silicon Valley region
"The user will provide a claim and some relevant context.
Your job is to determine whether the claim is true for the given context.
You must answer with a single word, ""True"" or ""False"".",Aguanga is a city in the Silicon Valley region
"The user will provide a claim and some relevant context.
Your job is to determine whether the claim is true for the given context.
You must answer with a single word, ""True"" or ""False"".",Menifee is a city in the Silicon Valley region
"The user will provide a claim and some relevant context.
Your job is to determine whether the claim is true for the given context.
You must answer with a single word, ""True"" or ""False"".",Murrieta is a city in the Silicon Valley region
"The user will provide a claim and some relevant context.
Your job is to determine whether the claim is true for the given context.
You must answer with a single word, ""True"" or ""False"".",Quail Valley is a city in the Silicon Valley region
"The user will provide a claim and some relevant context.
Your job is to determine whether the claim is true for the given context.
You must answer with a single word, ""True"" or ""False"".",Sun City is a city in the Silicon Valley region
"The user will provide a claim and some relevant context.
Your job is to determine whether the claim is true for the given context.
You must answer with a single word, ""True"" or ""False"".",Cathedral City is a city in the Silicon Valley region
"The user will provide a claim and some relevant context.
Your job is to determine whether the claim is true for the given context.
You must answer with a single word, ""True"" or ""False"".",Desert Hot Springs is a city in the Silicon Valley region
"The user will provide a claim and some relevant context.
Your job is to determine whether the claim is true for the given context.
You must answer with a single word, ""True"" or ""False"".",Rancho Mirage is a city in the Silicon Valley region
"The user will provide a claim and some relevant context.
Your job is to determine whether the claim is true for the given context.
You must answer with a single word, ""True"" or ""False"".",Romoland is a city in the Silicon Valley region
"The user will provide a claim and some relevant context.
Your job is to determine whether the claim is true for the given context.
You must answer with a single word, ""True"" or ""False"".",Homeland is a city in the Silicon Valley region
"The user will provide a claim and some relevant context.
Your job is to determine whether the claim is true for the given context.
You must answer with a single word, ""True"" or ""False"".",Salton City is a city in the Silicon Valley region
"The user will provide a claim and some relevant context.
Your job is to determine whether the claim is true for the given context.
You must answer with a single word, ""True"" or ""False"".",Mecca is a city in the Silicon Valley region
"The user will provide a claim and some relevant context.
Your job is to determine whether the claim is true for the given context.
You must answer with a single word, ""True"" or ""False"".",Murrietta is a city in the Silicon Valley region
"The user will provide a claim and some relevant context.
Your job is to determine whether the claim is true for the given context.
You must answer with a single word, ""True"" or ""False"".",Mather is a city in the Silicon Valley region
"The user will provide a claim and some relevant context.
Your job is to determine whether the claim is true for the given context.
You must answer with a single word, ""True"" or ""False"".",Sloughhouse is a city in the Silicon Valley region
"The user will provide a claim and some relevant context.
Your job is to determine whether the claim is true for the given context.
You must answer with a single word, ""True"" or ""False"".",Galt is a city in the Silicon Valley region
"The user will provide a claim and some relevant context.
Your job is to determine whether the claim is true for the given context.
You must answer with a single word, ""True"" or ""False"".",Rio Linda is a city in the Silicon Valley region
"The user will provide a claim and some relevant context.
Your job is to determine whether the claim is true for the given context.
You must answer with a single word, ""True"" or ""False"".",Elk Grove is a city in the Silicon Valley region
"The user will provide a claim and some relevant context.
Your job is to determine whether the claim is true for the given context.
You must answer with a single word, ""True"" or ""False"".",Pine Grove is a city in the Silicon Valley region
"The user will provide a claim and some relevant context.
Your job is to determine whether the claim is true for the given context.
You must answer with a single word, ""True"" or ""False"".",Stockton is a city in the Silicon Valley region
"The user will provide a claim and some relevant context.
Your job is to determine whether the claim is true for the given context.
You must answer with a single word, ""True"" or ""False"".",Camarillo is a city in the Silicon Valley region
"The user will provide a claim and some relevant context.
Your job is to determine whether the claim is true for the given context.
You must answer with a single word, ""True"" or ""False"".",Herald is a city in the Silicon Valley region
"The user will provide a claim and some relevant context.
Your job is to determine whether the claim is true for the given context.
You must answer with a single word, ""True"" or ""False"".",North Highlands is a city in the Silicon Valley region
"The user will provide a claim and some relevant context.
Your job is to determine whether the claim is true for the given context.
You must answer with a single word, ""True"" or ""False"".",Wilton is a city in the Silicon Valley region
"The user will provide a claim and some relevant context.
Your job is to determine whether the claim is true for the given context.
You must answer with a single word, ""True"" or ""False"".",Elverta is a city in the Silicon Valley region
"The user will provide a claim and some relevant context.
Your job is to determine whether the claim is true for the given context.
You must answer with a single word, ""True"" or ""False"".",Folsom is a city in the Silicon Valley region
"The user will provide a claim and some relevant context.
Your job is to determine whether the claim is true for the given context.
You must answer with a single word, ""True"" or ""False"".",Represa is a city in the Silicon Valley region
"The user will provide a claim and some relevant context.
Your job is to determine whether the claim is true for the given context.
You must answer with a single word, ""True"" or ""False"".",Rio Vista is a city in the Silicon Valley region
"The user will provide a claim and some relevant context.
Your job is to determine whether the claim is true for the given context.
You must answer with a single word, ""True"" or ""False"".",Courtland is a city in the Silicon Valley region
"The user will provide a claim and some relevant context.
Your job is to determine whether the claim is true for the given context.
You must answer with a single word, ""True"" or ""False"".",Clarksburg is a city in the Silicon Valley region
"The user will provide a claim and some relevant context.
Your job is to determine whether the claim is true for the given context.
You must answer with a single word, ""True"" or ""False"".",Ryde is a city in the Silicon Valley region
"The user will provide a claim and some relevant context.
Your job is to determine whether the claim is true for the given context.
You must answer with a single word, ""True"" or ""False"".",Isleton is a city in the Silicon Valley region
"The user will provide a claim and some relevant context.
Your job is to determine whether the claim is true for the given context.
You must answer with a single word, ""True"" or ""False"".",Walnut Grove is a city in the Silicon Valley region
"The user will provide a claim and some relevant context.
Your job is to determine whether the claim is true for the given context.
You must answer with a single word, ""True"" or ""False"".",Carmichael is a city in the Silicon Valley region
"The user will provide a claim and some relevant context.
Your job is to determine whether the claim is true for the given context.
You must answer with a single word, ""True"" or ""False"".",Citrus Heights is a city in the Silicon Valley region
"The user will provide a claim and some relevant context.
Your job is to determine whether the claim is true for the given context.
You must answer with a single word, ""True"" or ""False"".",Gold River is a city in the Silicon Valley region
"The user will provide a claim and some relevant context.
Your job is to determine whether the claim is true for the given context.
You must answer with a single word, ""True"" or ""False"".",McClellan is a city in the Silicon Valley region
"The user will provide a claim and some relevant context.
Your job is to determine whether the claim is true for the given context.
You must answer with a single word, ""True"" or ""False"".",Hollister is a city in the Silicon Valley region
"The user will provide a claim and some relevant context.
Your job is to determine whether the claim is true for the given context.
You must answer with a single word, ""True"" or ""False"".",Gilroy is a city in the Silicon Valley region
"The user will provide a claim and some relevant context.
Your job is to determine whether the claim is true for the given context.
You must answer with a single word, ""True"" or ""False"".",Paicines is a city in the Silicon Valley region
"The user will provide a claim and some relevant context.
Your job is to determine whether the claim is true for the given context.
You must answer with a single word, ""True"" or ""False"".",San Juan Bautista is a city in the Silicon Valley region
"The user will provide a claim and some relevant context.
Your job is to determine whether the claim is true for the given context.
You must answer with a single word, ""True"" or ""False"".",Tres Pinos is a city in the Silicon Valley region
"The user will provide a claim and some relevant context.
Your job is to determine whether the claim is true for the given context.
You must answer with a single word, ""True"" or ""False"".",Aromas is a city in the Silicon Valley region
"The user will provide a claim and some relevant context.
Your job is to determine whether the claim is true for the given context.
You must answer with a single word, ""True"" or ""False"".",San Bernardino is a city in the Silicon Valley region
"The user will provide a claim and some relevant context.
Your job is to determine whether the claim is true for the given context.
You must answer with a single word, ""True"" or ""False"".",Rialto is a city in the Silicon Valley region
"The user will provide a claim and some relevant context.
Your job is to determine whether the claim is true for the given context.
You must answer with a single word, ""True"" or ""False"".",Apple Valley is a city in the Silicon Valley region
"The user will provide a claim and some relevant context.
Your job is to determine whether the claim is true for the given context.
You must answer with a single word, ""True"" or ""False"".",Montclair is a city in the Silicon Valley region
"The user will provide a claim and some relevant context.
Your job is to determine whether the claim is true for the given context.
You must answer with a single word, ""True"" or ""False"".",Hesperia is a city in the Silicon Valley region
"The user will provide a claim and some relevant context.
Your job is to determine whether the claim is true for the given context.
You must answer with a single word, ""True"" or ""False"".",Etiwanda is a city in the Silicon Valley region
"The user will provide a claim and some relevant context.
Your job is to determine whether the claim is true for the given context.
You must answer with a single word, ""True"" or ""False"".",Loma Linda is a city in the Silicon Valley region
"The user will provide a claim and some relevant context.
Your job is to determine whether the claim is true for the given context.
You must answer with a single word, ""True"" or ""False"".",Needles is a city in the Silicon Valley region
"The user will provide a claim and some relevant context.
Your job is to determine whether the claim is true for the given context.
You must answer with a single word, ""True"" or ""False"".",Bloomington is a city in the Silicon Valley region
"The user will provide a claim and some relevant context.
Your job is to determine whether the claim is true for the given context.
You must answer with a single word, ""True"" or ""False"".",Guasti is a city in the Silicon Valley region
"The user will provide a claim and some relevant context.
Your job is to determine whether the claim is true for the given context.
You must answer with a single word, ""True"" or ""False"".",Colton is a city in the Silicon Valley region
"The user will provide a claim and some relevant context.
Your job is to determine whether the claim is true for the given context.
You must answer with a single word, ""True"" or ""False"".",Adelanto is a city in the Silicon Valley region
"The user will provide a claim and some relevant context.
Your job is to determine whether the claim is true for the given context.
You must answer with a single word, ""True"" or ""False"".",Frontera is a city in the Silicon Valley region
"The user will provide a claim and some relevant context.
Your job is to determine whether the claim is true for the given context.
You must answer with a single word, ""True"" or ""False"".",Yucaipa is a city in the Silicon Valley region
"The user will provide a claim and some relevant context.
Your job is to determine whether the claim is true for the given context.
You must answer with a single word, ""True"" or ""False"".",Chino is a city in the Silicon Valley region
"The user will provide a claim and some relevant context.
Your job is to determine whether the claim is true for the given context.
You must answer with a single word, ""True"" or ""False"".",Alta Loma is a city in the Silicon Valley region
"The user will provide a claim and some relevant context.
Your job is to determine whether the claim is true for the given context.
You must answer with a single word, ""True"" or ""False"".",Barstow is a city in the Silicon Valley region
"The user will provide a claim and some relevant context.
Your job is to determine whether the claim is true for the given context.
You must answer with a single word, ""True"" or ""False"".",Lenwood is a city in the Silicon Valley region
"The user will provide a claim and some relevant context.
Your job is to determine whether the claim is true for the given context.
You must answer with a single word, ""True"" or ""False"".",Fort Irwin is a city in the Silicon Valley region
"The user will provide a claim and some relevant context.
Your job is to determine whether the claim is true for the given context.
You must answer with a single word, ""True"" or ""False"".",Hinkley is a city in the Silicon Valley region
"The user will provide a claim and some relevant context.
Your job is to determine whether the claim is true for the given context.
You must answer with a single word, ""True"" or ""False"".",Big Bear Lake is a city in the Silicon Valley region
"The user will provide a claim and some relevant context.
Your job is to determine whether the claim is true for the given context.
You must answer with a single word, ""True"" or ""False"".",Big Bear City is a city in the Silicon Valley region
"The user will provide a claim and some relevant context.
Your job is to determine whether the claim is true for the given context.
You must answer with a single word, ""True"" or ""False"".",Forest Falls is a city in the Silicon Valley region
"The user will provide a claim and some relevant context.
Your job is to determine whether the claim is true for the given context.
You must answer with a single word, ""True"" or ""False"".",Rancho Cucamonga is a city in the Silicon Valley region
"The user will provide a claim and some relevant context.
Your job is to determine whether the claim is true for the given context.
You must answer with a single word, ""True"" or ""False"".",Upland is a city in the Silicon Valley region
"The user will provide a claim and some relevant context.
Your job is to determine whether the claim is true for the given context.
You must answer with a single word, ""True"" or ""False"".",Chino Hills is a city in the Silicon Valley region
"The user will provide a claim and some relevant context.
Your job is to determine whether the claim is true for the given context.
You must answer with a single word, ""True"" or ""False"".",Grand Terrace is a city in the Silicon Valley region
"The user will provide a claim and some relevant context.
Your job is to determine whether the claim is true for the given context.
You must answer with a single word, ""True"" or ""False"".",Fontana is a city in the Silicon Valley region
"The user will provide a claim and some relevant context.
Your job is to determine whether the claim is true for the given context.
You must answer with a single word, ""True"" or ""False"".",Cucamonga is a city in the Silicon Valley region
"The user will provide a claim and some relevant context.
Your job is to determine whether the claim is true for the given context.
You must answer with a single word, ""True"" or ""False"".",Helendale is a city in the Silicon Valley region
"The user will provide a claim and some relevant context.
Your job is to determine whether the claim is true for the given context.
You must answer with a single word, ""True"" or ""False"".",Lucerne Valley is a city in the Silicon Valley region
"The user will provide a claim and some relevant context.
Your job is to determine whether the claim is true for the given context.
You must answer with a single word, ""True"" or ""False"".",Twentynine Palms is a city in the Silicon Valley region
"The user will provide a claim and some relevant context.
Your job is to determine whether the claim is true for the given context.
You must answer with a single word, ""True"" or ""False"".",Yucca Valley is a city in the Silicon Valley region
"The user will provide a claim and some relevant context.
Your job is to determine whether the claim is true for the given context.
You must answer with a single word, ""True"" or ""False"".",Joshua Tree is a city in the Silicon Valley region
"The user will provide a claim and some relevant context.
Your job is to determine whether the claim is true for the given context.
You must answer with a single word, ""True"" or ""False"".",Morongo Valley is a city in the Silicon Valley region
"The user will provide a claim and some relevant context.
Your job is to determine whether the claim is true for the given context.
You must answer with a single word, ""True"" or ""False"".",Landers is a city in the Silicon Valley region
"The user will provide a claim and some relevant context.
Your job is to determine whether the claim is true for the given context.
You must answer with a single word, ""True"" or ""False"".",Mt. Baldy is a city in the Silicon Valley region
"The user will provide a claim and some relevant context.
Your job is to determine whether the claim is true for the given context.
You must answer with a single word, ""True"" or ""False"".",Havasu Lake is a city in the Silicon Valley region
"The user will provide a claim and some relevant context.
Your job is to determine whether the claim is true for the given context.
You must answer with a single word, ""True"" or ""False"".",Amboy is a city in the Silicon Valley region
"The user will provide a claim and some relevant context.
Your job is to determine whether the claim is true for the given context.
You must answer with a single word, ""True"" or ""False"".",Parker Dam is a city in the Silicon Valley region
"The user will provide a claim and some relevant context.
Your job is to determine whether the claim is true for the given context.
You must answer with a single word, ""True"" or ""False"".",Essex is a city in the Silicon Valley region
"The user will provide a claim and some relevant context.
Your job is to determine whether the claim is true for the given context.
You must answer with a single word, ""True"" or ""False"".","Montclair, is a city in the Silicon Valley region"
"The user will provide a claim and some relevant context.
Your job is to determine whether the claim is true for the given context.
You must answer with a single word, ""True"" or ""False"".",Oro Grande is a city in the Silicon Valley region
"The user will provide a claim and some relevant context.
Your job is to determine whether the claim is true for the given context.
You must answer with a single word, ""True"" or ""False"".",Phelan is a city in the Silicon Valley region
"The user will provide a claim and some relevant context.
Your job is to determine whether the claim is true for the given context.
You must answer with a single word, ""True"" or ""False"".",Highland is a city in the Silicon Valley region
"The user will provide a claim and some relevant context.
Your job is to determine whether the claim is true for the given context.
You must answer with a single word, ""True"" or ""False"".",Mentone is a city in the Silicon Valley region
"The user will provide a claim and some relevant context.
Your job is to determine whether the claim is true for the given context.
You must answer with a single word, ""True"" or ""False"".",Blue Jay is a city in the Silicon Valley region
"The user will provide a claim and some relevant context.
Your job is to determine whether the claim is true for the given context.
You must answer with a single word, ""True"" or ""False"".",Lake Arrowhead is a city in the Silicon Valley region
"The user will provide a claim and some relevant context.
Your job is to determine whether the claim is true for the given context.
You must answer with a single word, ""True"" or ""False"".",Crestline is a city in the Silicon Valley region
"The user will provide a claim and some relevant context.
Your job is to determine whether the claim is true for the given context.
You must answer with a single word, ""True"" or ""False"".",Twin Peaks is a city in the Silicon Valley region
"The user will provide a claim and some relevant context.
Your job is to determine whether the claim is true for the given context.
You must answer with a single word, ""True"" or ""False"".",Highlandd is a city in the Silicon Valley region
"The user will provide a claim and some relevant context.
Your job is to determine whether the claim is true for the given context.
You must answer with a single word, ""True"" or ""False"".",Trona is a city in the Silicon Valley region
"The user will provide a claim and some relevant context.
Your job is to determine whether the claim is true for the given context.
You must answer with a single word, ""True"" or ""False"".",Wrightwood is a city in the Silicon Valley region
"The user will provide a claim and some relevant context.
Your job is to determine whether the claim is true for the given context.
You must answer with a single word, ""True"" or ""False"".",Calimesa is a city in the Silicon Valley region
"The user will provide a claim and some relevant context.
Your job is to determine whether the claim is true for the given context.
You must answer with a single word, ""True"" or ""False"".",Baker is a city in the Silicon Valley region
"The user will provide a claim and some relevant context.
Your job is to determine whether the claim is true for the given context.
You must answer with a single word, ""True"" or ""False"".",Mountain Pass is a city in the Silicon Valley region
"The user will provide a claim and some relevant context.
Your job is to determine whether the claim is true for the given context.
You must answer with a single word, ""True"" or ""False"".",Yermo is a city in the Silicon Valley region
"The user will provide a claim and some relevant context.
Your job is to determine whether the claim is true for the given context.
You must answer with a single word, ""True"" or ""False"".",Daggett is a city in the Silicon Valley region
"The user will provide a claim and some relevant context.
Your job is to determine whether the claim is true for the given context.
You must answer with a single word, ""True"" or ""False"".",Newberry Springs is a city in the Silicon Valley region
"The user will provide a claim and some relevant context.
Your job is to determine whether the claim is true for the given context.
You must answer with a single word, ""True"" or ""False"".",Pinon Hills is a city in the Silicon Valley region
"The user will provide a claim and some relevant context.
Your job is to determine whether the claim is true for the given context.
You must answer with a single word, ""True"" or ""False"".",Oak Hills is a city in the Silicon Valley region
"The user will provide a claim and some relevant context.
Your job is to determine whether the claim is true for the given context.
You must answer with a single word, ""True"" or ""False"".",La Mesa is a city in the Silicon Valley region
"The user will provide a claim and some relevant context.
Your job is to determine whether the claim is true for the given context.
You must answer with a single word, ""True"" or ""False"".",National City is a city in the Silicon Valley region
"The user will provide a claim and some relevant context.
Your job is to determine whether the claim is true for the given context.
You must answer with a single word, ""True"" or ""False"".",Campo is a city in the Silicon Valley region
"The user will provide a claim and some relevant context.
Your job is to determine whether the claim is true for the given context.
You must answer with a single word, ""True"" or ""False"".",Escondido is a city in the Silicon Valley region
"The user will provide a claim and some relevant context.
Your job is to determine whether the claim is true for the given context.
You must answer with a single word, ""True"" or ""False"".",Chula Vista is a city in the Silicon Valley region
"The user will provide a claim and some relevant context.
Your job is to determine whether the claim is true for the given context.
You must answer with a single word, ""True"" or ""False"".","San Marcos, CA is a city in the Silicon Valley region"
"The user will provide a claim and some relevant context.
Your job is to determine whether the claim is true for the given context.
You must answer with a single word, ""True"" or ""False"".",Oceanside is a city in the Silicon Valley region
"The user will provide a claim and some relevant context.
Your job is to determine whether the claim is true for the given context.
You must answer with a single word, ""True"" or ""False"".",Warner Springs is a city in the Silicon Valley region
"The user will provide a claim and some relevant context.
Your job is to determine whether the claim is true for the given context.
You must answer with a single word, ""True"" or ""False"".",El Cajon is a city in the Silicon Valley region
"The user will provide a claim and some relevant context.
Your job is to determine whether the claim is true for the given context.
You must answer with a single word, ""True"" or ""False"".",Bonsall is a city in the Silicon Valley region
"The user will provide a claim and some relevant context.
Your job is to determine whether the claim is true for the given context.
You must answer with a single word, ""True"" or ""False"".",Borrego Springs is a city in the Silicon Valley region
"The user will provide a claim and some relevant context.
Your job is to determine whether the claim is true for the given context.
You must answer with a single word, ""True"" or ""False"".",Cardiff-by-the-Sea is a city in the Silicon Valley region
"The user will provide a claim and some relevant context.
Your job is to determine whether the claim is true for the given context.
You must answer with a single word, ""True"" or ""False"".",Bonita is a city in the Silicon Valley region
"The user will provide a claim and some relevant context.
Your job is to determine whether the claim is true for the given context.
You must answer with a single word, ""True"" or ""False"".",Coronado is a city in the Silicon Valley region
"The user will provide a claim and some relevant context.
Your job is to determine whether the claim is true for the given context.
You must answer with a single word, ""True"" or ""False"".",Solana Beach is a city in the Silicon Valley region
"The user will provide a claim and some relevant context.
Your job is to determine whether the claim is true for the given context.
You must answer with a single word, ""True"" or ""False"".",Del Mar is a city in the Silicon Valley region
"The user will provide a claim and some relevant context.
Your job is to determine whether the claim is true for the given context.
You must answer with a single word, ""True"" or ""False"".",Encinitas is a city in the Silicon Valley region
"The user will provide a claim and some relevant context.
Your job is to determine whether the claim is true for the given context.
You must answer with a single word, ""True"" or ""False"".",Carlsbad is a city in the Silicon Valley region
"The user will provide a claim and some relevant context.
Your job is to determine whether the claim is true for the given context.
You must answer with a single word, ""True"" or ""False"".",Fallbrook is a city in the Silicon Valley region
"The user will provide a claim and some relevant context.
Your job is to determine whether the claim is true for the given context.
You must answer with a single word, ""True"" or ""False"".",Spring Valley is a city in the Silicon Valley region
"The user will provide a claim and some relevant context.
Your job is to determine whether the claim is true for the given context.
You must answer with a single word, ""True"" or ""False"".",Santee is a city in the Silicon Valley region
"The user will provide a claim and some relevant context.
Your job is to determine whether the claim is true for the given context.
You must answer with a single word, ""True"" or ""False"".",Lakeside is a city in the Silicon Valley region
"The user will provide a claim and some relevant context.
Your job is to determine whether the claim is true for the given context.
You must answer with a single word, ""True"" or ""False"".",Jamul is a city in the Silicon Valley region
"The user will provide a claim and some relevant context.
Your job is to determine whether the claim is true for the given context.
You must answer with a single word, ""True"" or ""False"".",Julian is a city in the Silicon Valley region
"The user will provide a claim and some relevant context.
Your job is to determine whether the claim is true for the given context.
You must answer with a single word, ""True"" or ""False"".",Lemon Grove is a city in the Silicon Valley region
"The user will provide a claim and some relevant context.
Your job is to determine whether the claim is true for the given context.
You must answer with a single word, ""True"" or ""False"".",Pine Valley is a city in the Silicon Valley region
"The user will provide a claim and some relevant context.
Your job is to determine whether the claim is true for the given context.
You must answer with a single word, ""True"" or ""False"".",Jacumba is a city in the Silicon Valley region
"The user will provide a claim and some relevant context.
Your job is to determine whether the claim is true for the given context.
You must answer with a single word, ""True"" or ""False"".",Potrero is a city in the Silicon Valley region
"The user will provide a claim and some relevant context.
Your job is to determine whether the claim is true for the given context.
You must answer with a single word, ""True"" or ""False"".",Descanso is a city in the Silicon Valley region
"The user will provide a claim and some relevant context.
Your job is to determine whether the claim is true for the given context.
You must answer with a single word, ""True"" or ""False"".",Mount Laguna is a city in the Silicon Valley region
"The user will provide a claim and some relevant context.
Your job is to determine whether the claim is true for the given context.
You must answer with a single word, ""True"" or ""False"".",Boulevard is a city in the Silicon Valley region
"The user will provide a claim and some relevant context.
Your job is to determine whether the claim is true for the given context.
You must answer with a single word, ""True"" or ""False"".",Poway is a city in the Silicon Valley region
"The user will provide a claim and some relevant context.
Your job is to determine whether the claim is true for the given context.
You must answer with a single word, ""True"" or ""False"".",Ramona is a city in the Silicon Valley region
"The user will provide a claim and some relevant context.
Your job is to determine whether the claim is true for the given context.
You must answer with a single word, ""True"" or ""False"".",Rancho Santa Fe is a city in the Silicon Valley region
"The user will provide a claim and some relevant context.
Your job is to determine whether the claim is true for the given context.
You must answer with a single word, ""True"" or ""False"".",La Jolla is a city in the Silicon Valley region
"The user will provide a claim and some relevant context.
Your job is to determine whether the claim is true for the given context.
You must answer with a single word, ""True"" or ""False"".",San Ysidro is a city in the Silicon Valley region
"The user will provide a claim and some relevant context.
Your job is to determine whether the claim is true for the given context.
You must answer with a single word, ""True"" or ""False"".",Imperial Beach is a city in the Silicon Valley region
"The user will provide a claim and some relevant context.
Your job is to determine whether the claim is true for the given context.
You must answer with a single word, ""True"" or ""False"".",Santa Ysabel is a city in the Silicon Valley region
"The user will provide a claim and some relevant context.
Your job is to determine whether the claim is true for the given context.
You must answer with a single word, ""True"" or ""False"".",Rainbow is a city in the Silicon Valley region
"The user will provide a claim and some relevant context.
Your job is to determine whether the claim is true for the given context.
You must answer with a single word, ""True"" or ""False"".",Valley Center is a city in the Silicon Valley region
"The user will provide a claim and some relevant context.
Your job is to determine whether the claim is true for the given context.
You must answer with a single word, ""True"" or ""False"".",Palomar Mountain is a city in the Silicon Valley region
"The user will provide a claim and some relevant context.
Your job is to determine whether the claim is true for the given context.
You must answer with a single word, ""True"" or ""False"".",Pauma Valley is a city in the Silicon Valley region
"The user will provide a claim and some relevant context.
Your job is to determine whether the claim is true for the given context.
You must answer with a single word, ""True"" or ""False"".",Pala is a city in the Silicon Valley region
"The user will provide a claim and some relevant context.
Your job is to determine whether the claim is true for the given context.
You must answer with a single word, ""True"" or ""False"".",La Honda is a city in the Silicon Valley region
"The user will provide a claim and some relevant context.
Your job is to determine whether the claim is true for the given context.
You must answer with a single word, ""True"" or ""False"".",San Fracisco is a city in the Silicon Valley region
"The user will provide a claim and some relevant context.
Your job is to determine whether the claim is true for the given context.
You must answer with a single word, ""True"" or ""False"".",San Bruno is a city in the Silicon Valley region
"The user will provide a claim and some relevant context.
Your job is to determine whether the claim is true for the given context.
You must answer with a single word, ""True"" or ""False"".",San Francico is a city in the Silicon Valley region
"The user will provide a claim and some relevant context.
Your job is to determine whether the claim is true for the given context.
You must answer with a single word, ""True"" or ""False"".","San Francisco, CA is a city in the Silicon Valley region"
"The user will provide a claim and some relevant context.
Your job is to determine whether the claim is true for the given context.
You must answer with a single word, ""True"" or ""False"".",Treasure Island is a city in the Silicon Valley region
"The user will provide a claim and some relevant context.
Your job is to determine whether the claim is true for the given context.
You must answer with a single word, ""True"" or ""False"".",Lathrop is a city in the Silicon Valley region
"The user will provide a claim and some relevant context.
Your job is to determine whether the claim is true for the given context.
You must answer with a single word, ""True"" or ""False"".",Manteca is a city in the Silicon Valley region
"The user will provide a claim and some relevant context.
Your job is to determine whether the claim is true for the given context.
You must answer with a single word, ""True"" or ""False"".",French Camp is a city in the Silicon Valley region
"The user will provide a claim and some relevant context.
Your job is to determine whether the claim is true for the given context.
You must answer with a single word, ""True"" or ""False"".",Lodi is a city in the Silicon Valley region
"The user will provide a claim and some relevant context.
Your job is to determine whether the claim is true for the given context.
You must answer with a single word, ""True"" or ""False"".",Escalon is a city in the Silicon Valley region
"The user will provide a claim and some relevant context.
Your job is to determine whether the claim is true for the given context.
You must answer with a single word, ""True"" or ""False"".",Farmington is a city in the Silicon Valley region
"The user will provide a claim and some relevant context.
Your job is to determine whether the claim is true for the given context.
You must answer with a single word, ""True"" or ""False"".",Mountain House is a city in the Silicon Valley region
"The user will provide a claim and some relevant context.
Your job is to determine whether the claim is true for the given context.
You must answer with a single word, ""True"" or ""False"".",Linden is a city in the Silicon Valley region
"The user will provide a claim and some relevant context.
Your job is to determine whether the claim is true for the given context.
You must answer with a single word, ""True"" or ""False"".",Victor is a city in the Silicon Valley region
"The user will provide a claim and some relevant context.
Your job is to determine whether the claim is true for the given context.
You must answer with a single word, ""True"" or ""False"".",Clements is a city in the Silicon Valley region
"The user will provide a claim and some relevant context.
Your job is to determine whether the claim is true for the given context.
You must answer with a single word, ""True"" or ""False"".",Acampo is a city in the Silicon Valley region
"The user will provide a claim and some relevant context.
Your job is to determine whether the claim is true for the given context.
You must answer with a single word, ""True"" or ""False"".",Lockeford is a city in the Silicon Valley region
"The user will provide a claim and some relevant context.
Your job is to determine whether the claim is true for the given context.
You must answer with a single word, ""True"" or ""False"".",Woodbridge is a city in the Silicon Valley region
"The user will provide a claim and some relevant context.
Your job is to determine whether the claim is true for the given context.
You must answer with a single word, ""True"" or ""False"".",Thornton is a city in the Silicon Valley region
"The user will provide a claim and some relevant context.
Your job is to determine whether the claim is true for the given context.
You must answer with a single word, ""True"" or ""False"".",Holt is a city in the Silicon Valley region
"The user will provide a claim and some relevant context.
Your job is to determine whether the claim is true for the given context.
You must answer with a single word, ""True"" or ""False"".",Ripon is a city in the Silicon Valley region
"The user will provide a claim and some relevant context.
Your job is to determine whether the claim is true for the given context.
You must answer with a single word, ""True"" or ""False"".",San Luis Obispo is a city in the Silicon Valley region
"The user will provide a claim and some relevant context.
Your job is to determine whether the claim is true for the given context.
You must answer with a single word, ""True"" or ""False"".",Paso Robles is a city in the Silicon Valley region
"The user will provide a claim and some relevant context.
Your job is to determine whether the claim is true for the given context.
You must answer with a single word, ""True"" or ""False"".",Atascadero is a city in the Silicon Valley region
"The user will provide a claim and some relevant context.
Your job is to determine whether the claim is true for the given context.
You must answer with a single word, ""True"" or ""False"".",Santa Margarita is a city in the Silicon Valley region
"The user will provide a claim and some relevant context.
Your job is to determine whether the claim is true for the given context.
You must answer with a single word, ""True"" or ""False"".",Creston is a city in the Silicon Valley region
"The user will provide a claim and some relevant context.
Your job is to determine whether the claim is true for the given context.
You must answer with a single word, ""True"" or ""False"".",Cambria is a city in the Silicon Valley region
"The user will provide a claim and some relevant context.
Your job is to determine whether the claim is true for the given context.
You must answer with a single word, ""True"" or ""False"".",Cayucos is a city in the Silicon Valley region
"The user will provide a claim and some relevant context.
Your job is to determine whether the claim is true for the given context.
You must answer with a single word, ""True"" or ""False"".",Morro Bay is a city in the Silicon Valley region
"The user will provide a claim and some relevant context.
Your job is to determine whether the claim is true for the given context.
You must answer with a single word, ""True"" or ""False"".",Arroyo Grande is a city in the Silicon Valley region
"The user will provide a claim and some relevant context.
Your job is to determine whether the claim is true for the given context.
You must answer with a single word, ""True"" or ""False"".",Nipomo is a city in the Silicon Valley region
"The user will provide a claim and some relevant context.
Your job is to determine whether the claim is true for the given context.
You must answer with a single word, ""True"" or ""False"".",Pismo Beach is a city in the Silicon Valley region
"The user will provide a claim and some relevant context.
Your job is to determine whether the claim is true for the given context.
You must answer with a single word, ""True"" or ""False"".",Grover Beach is a city in the Silicon Valley region
"The user will provide a claim and some relevant context.
Your job is to determine whether the claim is true for the given context.
You must answer with a single word, ""True"" or ""False"".",Oceano is a city in the Silicon Valley region
"The user will provide a claim and some relevant context.
Your job is to determine whether the claim is true for the given context.
You must answer with a single word, ""True"" or ""False"".",San Miguel is a city in the Silicon Valley region
"The user will provide a claim and some relevant context.
Your job is to determine whether the claim is true for the given context.
You must answer with a single word, ""True"" or ""False"".",Los Osos is a city in the Silicon Valley region
"The user will provide a claim and some relevant context.
Your job is to determine whether the claim is true for the given context.
You must answer with a single word, ""True"" or ""False"".",Shandon is a city in the Silicon Valley region
"The user will provide a claim and some relevant context.
Your job is to determine whether the claim is true for the given context.
You must answer with a single word, ""True"" or ""False"".",Cholame is a city in the Silicon Valley region
"The user will provide a claim and some relevant context.
Your job is to determine whether the claim is true for the given context.
You must answer with a single word, ""True"" or ""False"".",Templeton is a city in the Silicon Valley region
"The user will provide a claim and some relevant context.
Your job is to determine whether the claim is true for the given context.
You must answer with a single word, ""True"" or ""False"".",Redwood City is a city in the Silicon Valley region
"The user will provide a claim and some relevant context.
Your job is to determine whether the claim is true for the given context.
You must answer with a single word, ""True"" or ""False"".",San Mateo is a city in the Silicon Valley region
"The user will provide a claim and some relevant context.
Your job is to determine whether the claim is true for the given context.
You must answer with a single word, ""True"" or ""False"".",South San Francisco is a city in the Silicon Valley region
"The user will provide a claim and some relevant context.
Your job is to determine whether the claim is true for the given context.
You must answer with a single word, ""True"" or ""False"".",Daly City is a city in the Silicon Valley region
"The user will provide a claim and some relevant context.
Your job is to determine whether the claim is true for the given context.
You must answer with a single word, ""True"" or ""False"".",East Palo Alto is a city in the Silicon Valley region
"The user will provide a claim and some relevant context.
Your job is to determine whether the claim is true for the given context.
You must answer with a single word, ""True"" or ""False"".",San Carlos is a city in the Silicon Valley region
"The user will provide a claim and some relevant context.
Your job is to determine whether the claim is true for the given context.
You must answer with a single word, ""True"" or ""False"".",Belmont is a city in the Silicon Valley region
"The user will provide a claim and some relevant context.
Your job is to determine whether the claim is true for the given context.
You must answer with a single word, ""True"" or ""False"".",Menlo Park is a city in the Silicon Valley region
"The user will provide a claim and some relevant context.
Your job is to determine whether the claim is true for the given context.
You must answer with a single word, ""True"" or ""False"".",Half Moon Bay is a city in the Silicon Valley region
"The user will provide a claim and some relevant context.
Your job is to determine whether the claim is true for the given context.
You must answer with a single word, ""True"" or ""False"".",Millbrae is a city in the Silicon Valley region
"The user will provide a claim and some relevant context.
Your job is to determine whether the claim is true for the given context.
You must answer with a single word, ""True"" or ""False"".",Brisbane is a city in the Silicon Valley region
"The user will provide a claim and some relevant context.
Your job is to determine whether the claim is true for the given context.
You must answer with a single word, ""True"" or ""False"".",Burlingame is a city in the Silicon Valley region
"The user will provide a claim and some relevant context.
Your job is to determine whether the claim is true for the given context.
You must answer with a single word, ""True"" or ""False"".",Montara is a city in the Silicon Valley region
"The user will provide a claim and some relevant context.
Your job is to determine whether the claim is true for the given context.
You must answer with a single word, ""True"" or ""False"".",Hillsborough is a city in the Silicon Valley region
"The user will provide a claim and some relevant context.
Your job is to determine whether the claim is true for the given context.
You must answer with a single word, ""True"" or ""False"".",Colma is a city in the Silicon Valley region
"The user will provide a claim and some relevant context.
Your job is to determine whether the claim is true for the given context.
You must answer with a single word, ""True"" or ""False"".",Pacifica is a city in the Silicon Valley region
"The user will provide a claim and some relevant context.
Your job is to determine whether the claim is true for the given context.
You must answer with a single word, ""True"" or ""False"".",Pescadero is a city in the Silicon Valley region
"The user will provide a claim and some relevant context.
Your job is to determine whether the claim is true for the given context.
You must answer with a single word, ""True"" or ""False"".",Atherton is a city in the Silicon Valley region
"The user will provide a claim and some relevant context.
Your job is to determine whether the claim is true for the given context.
You must answer with a single word, ""True"" or ""False"".",Portola Valley is a city in the Silicon Valley region
"The user will provide a claim and some relevant context.
Your job is to determine whether the claim is true for the given context.
You must answer with a single word, ""True"" or ""False"".",Palo Alto is a city in the Silicon Valley region
"The user will provide a claim and some relevant context.
Your job is to determine whether the claim is true for the given context.
You must answer with a single word, ""True"" or ""False"".",Foster City is a city in the Silicon Valley region
"The user will provide a claim and some relevant context.
Your job is to determine whether the claim is true for the given context.
You must answer with a single word, ""True"" or ""False"".",Woodside is a city in the Silicon Valley region
"The user will provide a claim and some relevant context.
Your job is to determine whether the claim is true for the given context.
You must answer with a single word, ""True"" or ""False"".",S. San Francisco is a city in the Silicon Valley region
"The user will provide a claim and some relevant context.
Your job is to determine whether the claim is true for the given context.
You must answer with a single word, ""True"" or ""False"".",Santa Barbara is a city in the Silicon Valley region
"The user will provide a claim and some relevant context.
Your job is to determine whether the claim is true for the given context.
You must answer with a single word, ""True"" or ""False"".",Lompoc is a city in the Silicon Valley region
"The user will provide a claim and some relevant context.
Your job is to determine whether the claim is true for the given context.
You must answer with a single word, ""True"" or ""False"".",Santa Maria is a city in the Silicon Valley region
"The user will provide a claim and some relevant context.
Your job is to determine whether the claim is true for the given context.
You must answer with a single word, ""True"" or ""False"".",Goleta is a city in the Silicon Valley region
"The user will provide a claim and some relevant context.
Your job is to determine whether the claim is true for the given context.
You must answer with a single word, ""True"" or ""False"".",Guadalupe is a city in the Silicon Valley region
"The user will provide a claim and some relevant context.
Your job is to determine whether the claim is true for the given context.
You must answer with a single word, ""True"" or ""False"".",Los Alamos is a city in the Silicon Valley region
"The user will provide a claim and some relevant context.
Your job is to determine whether the claim is true for the given context.
You must answer with a single word, ""True"" or ""False"".",Vandenberg Afb is a city in the Silicon Valley region
"The user will provide a claim and some relevant context.
Your job is to determine whether the claim is true for the given context.
You must answer with a single word, ""True"" or ""False"".",Solvang is a city in the Silicon Valley region
"The user will provide a claim and some relevant context.
Your job is to determine whether the claim is true for the given context.
You must answer with a single word, ""True"" or ""False"".",Buellton is a city in the Silicon Valley region
"The user will provide a claim and some relevant context.
Your job is to determine whether the claim is true for the given context.
You must answer with a single word, ""True"" or ""False"".",Carpinteria is a city in the Silicon Valley region
"The user will provide a claim and some relevant context.
Your job is to determine whether the claim is true for the given context.
You must answer with a single word, ""True"" or ""False"".",Summerland is a city in the Silicon Valley region
"The user will provide a claim and some relevant context.
Your job is to determine whether the claim is true for the given context.
You must answer with a single word, ""True"" or ""False"".",Casmalia is a city in the Silicon Valley region
"The user will provide a claim and some relevant context.
Your job is to determine whether the claim is true for the given context.
You must answer with a single word, ""True"" or ""False"".",Santa Ynez is a city in the Silicon Valley region
"The user will provide a claim and some relevant context.
Your job is to determine whether the claim is true for the given context.
You must answer with a single word, ""True"" or ""False"".",New Cuyama is a city in the Silicon Valley region
"The user will provide a claim and some relevant context.
Your job is to determine whether the claim is true for the given context.
You must answer with a single word, ""True"" or ""False"".",Vandenberg AFB is a city in the Silicon Valley region
"The user will provide a claim and some relevant context.
Your job is to determine whether the claim is true for the given context.
You must answer with a single word, ""True"" or ""False"".",Vandenberg Air Force Base is a city in the Silicon Valley region
"The user will provide a claim and some relevant context.
Your job is to determine whether the claim is true for the given context.
You must answer with a single word, ""True"" or ""False"".",Vandenburg A. F. B. is a city in the Silicon Valley region
"The user will provide a claim and some relevant context.
Your job is to determine whether the claim is true for the given context.
You must answer with a single word, ""True"" or ""False"".",Los Olivos is a city in the Silicon Valley region
"The user will provide a claim and some relevant context.
Your job is to determine whether the claim is true for the given context.
You must answer with a single word, ""True"" or ""False"".",Orcutt is a city in the Silicon Valley region
"The user will provide a claim and some relevant context.
Your job is to determine whether the claim is true for the given context.
You must answer with a single word, ""True"" or ""False"".",Gaviota is a city in the Silicon Valley region
"The user will provide a claim and some relevant context.
Your job is to determine whether the claim is true for the given context.
You must answer with a single word, ""True"" or ""False"".",San Jose is a city in the Silicon Valley region
"The user will provide a claim and some relevant context.
Your job is to determine whether the claim is true for the given context.
You must answer with a single word, ""True"" or ""False"".",Los Altos is a city in the Silicon Valley region
"The user will provide a claim and some relevant context.
Your job is to determine whether the claim is true for the given context.
You must answer with a single word, ""True"" or ""False"".",Saratoga is a city in the Silicon Valley region
"The user will provide a claim and some relevant context.
Your job is to determine whether the claim is true for the given context.
You must answer with a single word, ""True"" or ""False"".",Morgan Hill is a city in the Silicon Valley region
"The user will provide a claim and some relevant context.
Your job is to determine whether the claim is true for the given context.
You must answer with a single word, ""True"" or ""False"".",Sunnyvale is a city in the Silicon Valley region
"The user will provide a claim and some relevant context.
Your job is to determine whether the claim is true for the given context.
You must answer with a single word, ""True"" or ""False"".",Campbell is a city in the Silicon Valley region
"The user will provide a claim and some relevant context.
Your job is to determine whether the claim is true for the given context.
You must answer with a single word, ""True"" or ""False"".",Cupertino is a city in the Silicon Valley region
"The user will provide a claim and some relevant context.
Your job is to determine whether the claim is true for the given context.
You must answer with a single word, ""True"" or ""False"".",Cambell is a city in the Silicon Valley region
"The user will provide a claim and some relevant context.
Your job is to determine whether the claim is true for the given context.
You must answer with a single word, ""True"" or ""False"".",San Martin is a city in the Silicon Valley region
"The user will provide a claim and some relevant context.
Your job is to determine whether the claim is true for the given context.
You must answer with a single word, ""True"" or ""False"".",Mountain View is a city in the Silicon Valley region
"The user will provide a claim and some relevant context.
Your job is to determine whether the claim is true for the given context.
You must answer with a single word, ""True"" or ""False"".",Mt. Hamilton is a city in the Silicon Valley region
"The user will provide a claim and some relevant context.
Your job is to determine whether the claim is true for the given context.
You must answer with a single word, ""True"" or ""False"".",Santa Clara is a city in the Silicon Valley region
"The user will provide a claim and some relevant context.
Your job is to determine whether the claim is true for the given context.
You must answer with a single word, ""True"" or ""False"".",Los Gatos is a city in the Silicon Valley region
"The user will provide a claim and some relevant context.
Your job is to determine whether the claim is true for the given context.
You must answer with a single word, ""True"" or ""False"".",Los Altos Hills is a city in the Silicon Valley region
"The user will provide a claim and some relevant context.
Your job is to determine whether the claim is true for the given context.
You must answer with a single word, ""True"" or ""False"".",Stanford is a city in the Silicon Valley region
"The user will provide a claim and some relevant context.
Your job is to determine whether the claim is true for the given context.
You must answer with a single word, ""True"" or ""False"".",Standford is a city in the Silicon Valley region
"The user will provide a claim and some relevant context.
Your job is to determine whether the claim is true for the given context.
You must answer with a single word, ""True"" or ""False"".",Alviso is a city in the Silicon Valley region
"The user will provide a claim and some relevant context.
Your job is to determine whether the claim is true for the given context.
You must answer with a single word, ""True"" or ""False"".",Milpitas is a city in the Silicon Valley region
"The user will provide a claim and some relevant context.
Your job is to determine whether the claim is true for the given context.
You must answer with a single word, ""True"" or ""False"".",Santa Cruz is a city in the Silicon Valley region
"The user will provide a claim and some relevant context.
Your job is to determine whether the claim is true for the given context.
You must answer with a single word, ""True"" or ""False"".",Capitola is a city in the Silicon Valley region
"The user will provide a claim and some relevant context.
Your job is to determine whether the claim is true for the given context.
You must answer with a single word, ""True"" or ""False"".",La Selva Beach is a city in the Silicon Valley region
"The user will provide a claim and some relevant context.
Your job is to determine whether the claim is true for the given context.
You must answer with a single word, ""True"" or ""False"".",Scotts Valley is a city in the Silicon Valley region
"The user will provide a claim and some relevant context.
Your job is to determine whether the claim is true for the given context.
You must answer with a single word, ""True"" or ""False"".",Ben Lomond is a city in the Silicon Valley region
"The user will provide a claim and some relevant context.
Your job is to determine whether the claim is true for the given context.
You must answer with a single word, ""True"" or ""False"".",Felton is a city in the Silicon Valley region
"The user will provide a claim and some relevant context.
Your job is to determine whether the claim is true for the given context.
You must answer with a single word, ""True"" or ""False"".",Aptos is a city in the Silicon Valley region
"The user will provide a claim and some relevant context.
Your job is to determine whether the claim is true for the given context.
You must answer with a single word, ""True"" or ""False"".",Freedom is a city in the Silicon Valley region
"The user will provide a claim and some relevant context.
Your job is to determine whether the claim is true for the given context.
You must answer with a single word, ""True"" or ""False"".",Soquel is a city in the Silicon Valley region
"The user will provide a claim and some relevant context.
Your job is to determine whether the claim is true for the given context.
You must answer with a single word, ""True"" or ""False"".",Davenport is a city in the Silicon Valley region
"The user will provide a claim and some relevant context.
Your job is to determine whether the claim is true for the given context.
You must answer with a single word, ""True"" or ""False"".",Boulder Creek is a city in the Silicon Valley region
"The user will provide a claim and some relevant context.
Your job is to determine whether the claim is true for the given context.
You must answer with a single word, ""True"" or ""False"".",Redding is a city in the Silicon Valley region
"The user will provide a claim and some relevant context.
Your job is to determine whether the claim is true for the given context.
You must answer with a single word, ""True"" or ""False"".",Palo Cedro is a city in the Silicon Valley region
"The user will provide a claim and some relevant context.
Your job is to determine whether the claim is true for the given context.
You must answer with a single word, ""True"" or ""False"".",Whiskeytown is a city in the Silicon Valley region
"The user will provide a claim and some relevant context.
Your job is to determine whether the claim is true for the given context.
You must answer with a single word, ""True"" or ""False"".",Whitmore is a city in the Silicon Valley region
"The user will provide a claim and some relevant context.
Your job is to determine whether the claim is true for the given context.
You must answer with a single word, ""True"" or ""False"".",Burney is a city in the Silicon Valley region
"The user will provide a claim and some relevant context.
Your job is to determine whether the claim is true for the given context.
You must answer with a single word, ""True"" or ""False"".",Anderson is a city in the Silicon Valley region
"The user will provide a claim and some relevant context.
Your job is to determine whether the claim is true for the given context.
You must answer with a single word, ""True"" or ""False"".",Cottonwood is a city in the Silicon Valley region
"The user will provide a claim and some relevant context.
Your job is to determine whether the claim is true for the given context.
You must answer with a single word, ""True"" or ""False"".",Bella Vista is a city in the Silicon Valley region
"The user will provide a claim and some relevant context.
Your job is to determine whether the claim is true for the given context.
You must answer with a single word, ""True"" or ""False"".",Shingletown is a city in the Silicon Valley region
"The user will provide a claim and some relevant context.
Your job is to determine whether the claim is true for the given context.
You must answer with a single word, ""True"" or ""False"".",Lakehead is a city in the Silicon Valley region
"The user will provide a claim and some relevant context.
Your job is to determine whether the claim is true for the given context.
You must answer with a single word, ""True"" or ""False"".",Castella is a city in the Silicon Valley region
"The user will provide a claim and some relevant context.
Your job is to determine whether the claim is true for the given context.
You must answer with a single word, ""True"" or ""False"".",Callel is a city in the Silicon Valley region
"The user will provide a claim and some relevant context.
Your job is to determine whether the claim is true for the given context.
You must answer with a single word, ""True"" or ""False"".",McArthur is a city in the Silicon Valley region
"The user will provide a claim and some relevant context.
Your job is to determine whether the claim is true for the given context.
You must answer with a single word, ""True"" or ""False"".",Fall River Mills is a city in the Silicon Valley region
"The user will provide a claim and some relevant context.
Your job is to determine whether the claim is true for the given context.
You must answer with a single word, ""True"" or ""False"".",Cassell is a city in the Silicon Valley region
"The user will provide a claim and some relevant context.
Your job is to determine whether the claim is true for the given context.
You must answer with a single word, ""True"" or ""False"".",French Gulch is a city in the Silicon Valley region
"The user will provide a claim and some relevant context.
Your job is to determine whether the claim is true for the given context.
You must answer with a single word, ""True"" or ""False"".",Igo is a city in the Silicon Valley region
"The user will provide a claim and some relevant context.
Your job is to determine whether the claim is true for the given context.
You must answer with a single word, ""True"" or ""False"".",Platina is a city in the Silicon Valley region
"The user will provide a claim and some relevant context.
Your job is to determine whether the claim is true for the given context.
You must answer with a single word, ""True"" or ""False"".",Big Bend is a city in the Silicon Valley region
"The user will provide a claim and some relevant context.
Your job is to determine whether the claim is true for the given context.
You must answer with a single word, ""True"" or ""False"".",Millville is a city in the Silicon Valley region
"The user will provide a claim and some relevant context.
Your job is to determine whether the claim is true for the given context.
You must answer with a single word, ""True"" or ""False"".",Oak Run is a city in the Silicon Valley region
"The user will provide a claim and some relevant context.
Your job is to determine whether the claim is true for the given context.
You must answer with a single word, ""True"" or ""False"".",Shasta is a city in the Silicon Valley region
"The user will provide a claim and some relevant context.
Your job is to determine whether the claim is true for the given context.
You must answer with a single word, ""True"" or ""False"".",Central Valley is a city in the Silicon Valley region
"The user will provide a claim and some relevant context.
Your job is to determine whether the claim is true for the given context.
You must answer with a single word, ""True"" or ""False"".",Montgomery Creek is a city in the Silicon Valley region
"The user will provide a claim and some relevant context.
Your job is to determine whether the claim is true for the given context.
You must answer with a single word, ""True"" or ""False"".",Round Mountain is a city in the Silicon Valley region
"The user will provide a claim and some relevant context.
Your job is to determine whether the claim is true for the given context.
You must answer with a single word, ""True"" or ""False"".",Shasta Lake is a city in the Silicon Valley region
"The user will provide a claim and some relevant context.
Your job is to determine whether the claim is true for the given context.
You must answer with a single word, ""True"" or ""False"".",Loyalton is a city in the Silicon Valley region
"The user will provide a claim and some relevant context.
Your job is to determine whether the claim is true for the given context.
You must answer with a single word, ""True"" or ""False"".",Sierra City is a city in the Silicon Valley region
"The user will provide a claim and some relevant context.
Your job is to determine whether the claim is true for the given context.
You must answer with a single word, ""True"" or ""False"".",Downieville is a city in the Silicon Valley region
"The user will provide a claim and some relevant context.
Your job is to determine whether the claim is true for the given context.
You must answer with a single word, ""True"" or ""False"".",Sierraville is a city in the Silicon Valley region
"The user will provide a claim and some relevant context.
Your job is to determine whether the claim is true for the given context.
You must answer with a single word, ""True"" or ""False"".",Yreka is a city in the Silicon Valley region
"The user will provide a claim and some relevant context.
Your job is to determine whether the claim is true for the given context.
You must answer with a single word, ""True"" or ""False"".",Mount Shasta is a city in the Silicon Valley region
"The user will provide a claim and some relevant context.
Your job is to determine whether the claim is true for the given context.
You must answer with a single word, ""True"" or ""False"".",Weed is a city in the Silicon Valley region
"The user will provide a claim and some relevant context.
Your job is to determine whether the claim is true for the given context.
You must answer with a single word, ""True"" or ""False"".",Mt. Shasta is a city in the Silicon Valley region
"The user will provide a claim and some relevant context.
Your job is to determine whether the claim is true for the given context.
You must answer with a single word, ""True"" or ""False"".",Dunsmuir is a city in the Silicon Valley region
"The user will provide a claim and some relevant context.
Your job is to determine whether the claim is true for the given context.
You must answer with a single word, ""True"" or ""False"".",Montague is a city in the Silicon Valley region
"The user will provide a claim and some relevant context.
Your job is to determine whether the claim is true for the given context.
You must answer with a single word, ""True"" or ""False"".",Edgewood is a city in the Silicon Valley region
"The user will provide a claim and some relevant context.
Your job is to determine whether the claim is true for the given context.
You must answer with a single word, ""True"" or ""False"".",Etna is a city in the Silicon Valley region
"The user will provide a claim and some relevant context.
Your job is to determine whether the claim is true for the given context.
You must answer with a single word, ""True"" or ""False"".",Fort Jones is a city in the Silicon Valley region
"The user will provide a claim and some relevant context.
Your job is to determine whether the claim is true for the given context.
You must answer with a single word, ""True"" or ""False"".",Hornbrook is a city in the Silicon Valley region
"The user will provide a claim and some relevant context.
Your job is to determine whether the claim is true for the given context.
You must answer with a single word, ""True"" or ""False"".",Forks Of Salmon is a city in the Silicon Valley region
"The user will provide a claim and some relevant context.
Your job is to determine whether the claim is true for the given context.
You must answer with a single word, ""True"" or ""False"".",Sawyers Bar is a city in the Silicon Valley region
"The user will provide a claim and some relevant context.
Your job is to determine whether the claim is true for the given context.
You must answer with a single word, ""True"" or ""False"".",Gazelle is a city in the Silicon Valley region
"The user will provide a claim and some relevant context.
Your job is to determine whether the claim is true for the given context.
You must answer with a single word, ""True"" or ""False"".",Grenada is a city in the Silicon Valley region
"The user will provide a claim and some relevant context.
Your job is to determine whether the claim is true for the given context.
You must answer with a single word, ""True"" or ""False"".",Happy Camp is a city in the Silicon Valley region
"The user will provide a claim and some relevant context.
Your job is to determine whether the claim is true for the given context.
You must answer with a single word, ""True"" or ""False"".",Hilt is a city in the Silicon Valley region
"The user will provide a claim and some relevant context.
Your job is to determine whether the claim is true for the given context.
You must answer with a single word, ""True"" or ""False"".",Somes Bar is a city in the Silicon Valley region
"The user will provide a claim and some relevant context.
Your job is to determine whether the claim is true for the given context.
You must answer with a single word, ""True"" or ""False"".",Horse Creek is a city in the Silicon Valley region
"The user will provide a claim and some relevant context.
Your job is to determine whether the claim is true for the given context.
You must answer with a single word, ""True"" or ""False"".",McCloud is a city in the Silicon Valley region
"The user will provide a claim and some relevant context.
Your job is to determine whether the claim is true for the given context.
You must answer with a single word, ""True"" or ""False"".",Mccloud is a city in the Silicon Valley region
"The user will provide a claim and some relevant context.
Your job is to determine whether the claim is true for the given context.
You must answer with a single word, ""True"" or ""False"".",Seiad Valley is a city in the Silicon Valley region
"The user will provide a claim and some relevant context.
Your job is to determine whether the claim is true for the given context.
You must answer with a single word, ""True"" or ""False"".",Macdoel is a city in the Silicon Valley region
"The user will provide a claim and some relevant context.
Your job is to determine whether the claim is true for the given context.
You must answer with a single word, ""True"" or ""False"".",Dorris is a city in the Silicon Valley region
"The user will provide a claim and some relevant context.
Your job is to determine whether the claim is true for the given context.
You must answer with a single word, ""True"" or ""False"".",Fairfield is a city in the Silicon Valley region
"The user will provide a claim and some relevant context.
Your job is to determine whether the claim is true for the given context.
You must answer with a single word, ""True"" or ""False"".",Suisun City is a city in the Silicon Valley region
"The user will provide a claim and some relevant context.
Your job is to determine whether the claim is true for the given context.
You must answer with a single word, ""True"" or ""False"".",Vacaville is a city in the Silicon Valley region
"The user will provide a claim and some relevant context.
Your job is to determine whether the claim is true for the given context.
You must answer with a single word, ""True"" or ""False"".",Benicia is a city in the Silicon Valley region
"The user will provide a claim and some relevant context.
Your job is to determine whether the claim is true for the given context.
You must answer with a single word, ""True"" or ""False"".",Dixon is a city in the Silicon Valley region
"The user will provide a claim and some relevant context.
Your job is to determine whether the claim is true for the given context.
You must answer with a single word, ""True"" or ""False"".",Suisun is a city in the Silicon Valley region
"The user will provide a claim and some relevant context.
Your job is to determine whether the claim is true for the given context.
You must answer with a single word, ""True"" or ""False"".",Travis AFB is a city in the Silicon Valley region
"The user will provide a claim and some relevant context.
Your job is to determine whether the claim is true for the given context.
You must answer with a single word, ""True"" or ""False"".",Elmira is a city in the Silicon Valley region
"The user will provide a claim and some relevant context.
Your job is to determine whether the claim is true for the given context.
You must answer with a single word, ""True"" or ""False"".",Vallejo is a city in the Silicon Valley region
"The user will provide a claim and some relevant context.
Your job is to determine whether the claim is true for the given context.
You must answer with a single word, ""True"" or ""False"".",Sonoma is a city in the Silicon Valley region
"The user will provide a claim and some relevant context.
Your job is to determine whether the claim is true for the given context.
You must answer with a single word, ""True"" or ""False"".",Sebastopol is a city in the Silicon Valley region
"The user will provide a claim and some relevant context.
Your job is to determine whether the claim is true for the given context.
You must answer with a single word, ""True"" or ""False"".",Healdsburg is a city in the Silicon Valley region
"The user will provide a claim and some relevant context.
Your job is to determine whether the claim is true for the given context.
You must answer with a single word, ""True"" or ""False"".",Rohnert Park is a city in the Silicon Valley region
"The user will provide a claim and some relevant context.
Your job is to determine whether the claim is true for the given context.
You must answer with a single word, ""True"" or ""False"".",Windsor is a city in the Silicon Valley region
"The user will provide a claim and some relevant context.
Your job is to determine whether the claim is true for the given context.
You must answer with a single word, ""True"" or ""False"".",Forestville is a city in the Silicon Valley region
"The user will provide a claim and some relevant context.
Your job is to determine whether the claim is true for the given context.
You must answer with a single word, ""True"" or ""False"".",Cloverdale is a city in the Silicon Valley region
"The user will provide a claim and some relevant context.
Your job is to determine whether the claim is true for the given context.
You must answer with a single word, ""True"" or ""False"".",Cazadero is a city in the Silicon Valley region
"The user will provide a claim and some relevant context.
Your job is to determine whether the claim is true for the given context.
You must answer with a single word, ""True"" or ""False"".",Geyserville is a city in the Silicon Valley region
"The user will provide a claim and some relevant context.
Your job is to determine whether the claim is true for the given context.
You must answer with a single word, ""True"" or ""False"".",Guerneville is a city in the Silicon Valley region
"The user will provide a claim and some relevant context.
Your job is to determine whether the claim is true for the given context.
You must answer with a single word, ""True"" or ""False"".",Occidental is a city in the Silicon Valley region
"The user will provide a claim and some relevant context.
Your job is to determine whether the claim is true for the given context.
You must answer with a single word, ""True"" or ""False"".",Annapolis is a city in the Silicon Valley region
"The user will provide a claim and some relevant context.
Your job is to determine whether the claim is true for the given context.
You must answer with a single word, ""True"" or ""False"".",Kenwood is a city in the Silicon Valley region
"The user will provide a claim and some relevant context.
Your job is to determine whether the claim is true for the given context.
You must answer with a single word, ""True"" or ""False"".",Monte Rio is a city in the Silicon Valley region
"The user will provide a claim and some relevant context.
Your job is to determine whether the claim is true for the given context.
You must answer with a single word, ""True"" or ""False"".",Penngrove is a city in the Silicon Valley region
"The user will provide a claim and some relevant context.
Your job is to determine whether the claim is true for the given context.
You must answer with a single word, ""True"" or ""False"".",Stewarts Point is a city in the Silicon Valley region
"The user will provide a claim and some relevant context.
Your job is to determine whether the claim is true for the given context.
You must answer with a single word, ""True"" or ""False"".",Glen Ellen is a city in the Silicon Valley region
"The user will provide a claim and some relevant context.
Your job is to determine whether the claim is true for the given context.
You must answer with a single word, ""True"" or ""False"".",Cotati is a city in the Silicon Valley region
"The user will provide a claim and some relevant context.
Your job is to determine whether the claim is true for the given context.
You must answer with a single word, ""True"" or ""False"".",Modesto is a city in the Silicon Valley region
"The user will provide a claim and some relevant context.
Your job is to determine whether the claim is true for the given context.
You must answer with a single word, ""True"" or ""False"".",Ceres is a city in the Silicon Valley region
"The user will provide a claim and some relevant context.
Your job is to determine whether the claim is true for the given context.
You must answer with a single word, ""True"" or ""False"".",Turlock is a city in the Silicon Valley region
"The user will provide a claim and some relevant context.
Your job is to determine whether the claim is true for the given context.
You must answer with a single word, ""True"" or ""False"".",Denair is a city in the Silicon Valley region
"The user will provide a claim and some relevant context.
Your job is to determine whether the claim is true for the given context.
You must answer with a single word, ""True"" or ""False"".",Empire is a city in the Silicon Valley region
"The user will provide a claim and some relevant context.
Your job is to determine whether the claim is true for the given context.
You must answer with a single word, ""True"" or ""False"".",Hickman is a city in the Silicon Valley region
"The user will provide a claim and some relevant context.
Your job is to determine whether the claim is true for the given context.
You must answer with a single word, ""True"" or ""False"".",Hughson is a city in the Silicon Valley region
"The user will provide a claim and some relevant context.
Your job is to determine whether the claim is true for the given context.
You must answer with a single word, ""True"" or ""False"".",Keyes is a city in the Silicon Valley region
"The user will provide a claim and some relevant context.
Your job is to determine whether the claim is true for the given context.
You must answer with a single word, ""True"" or ""False"".",Knights Ferry is a city in the Silicon Valley region
"The user will provide a claim and some relevant context.
Your job is to determine whether the claim is true for the given context.
You must answer with a single word, ""True"" or ""False"".",Oakdale is a city in the Silicon Valley region
"The user will provide a claim and some relevant context.
Your job is to determine whether the claim is true for the given context.
You must answer with a single word, ""True"" or ""False"".",Riverbank is a city in the Silicon Valley region
"The user will provide a claim and some relevant context.
Your job is to determine whether the claim is true for the given context.
You must answer with a single word, ""True"" or ""False"".",Patterson is a city in the Silicon Valley region
"The user will provide a claim and some relevant context.
Your job is to determine whether the claim is true for the given context.
You must answer with a single word, ""True"" or ""False"".",Vernalis is a city in the Silicon Valley region
"The user will provide a claim and some relevant context.
Your job is to determine whether the claim is true for the given context.
You must answer with a single word, ""True"" or ""False"".",Westley is a city in the Silicon Valley region
"The user will provide a claim and some relevant context.
Your job is to determine whether the claim is true for the given context.
You must answer with a single word, ""True"" or ""False"".",Waterford is a city in the Silicon Valley region
"The user will provide a claim and some relevant context.
Your job is to determine whether the claim is true for the given context.
You must answer with a single word, ""True"" or ""False"".",Salida is a city in the Silicon Valley region
"The user will provide a claim and some relevant context.
Your job is to determine whether the claim is true for the given context.
You must answer with a single word, ""True"" or ""False"".",Valley Home is a city in the Silicon Valley region
"The user will provide a claim and some relevant context.
Your job is to determine whether the claim is true for the given context.
You must answer with a single word, ""True"" or ""False"".",Newman is a city in the Silicon Valley region
"The user will provide a claim and some relevant context.
Your job is to determine whether the claim is true for the given context.
You must answer with a single word, ""True"" or ""False"".",Crows Landing is a city in the Silicon Valley region
"The user will provide a claim and some relevant context.
Your job is to determine whether the claim is true for the given context.
You must answer with a single word, ""True"" or ""False"".",Yuba City is a city in the Silicon Valley region
"The user will provide a claim and some relevant context.
Your job is to determine whether the claim is true for the given context.
You must answer with a single word, ""True"" or ""False"".",Challenge is a city in the Silicon Valley region
"The user will provide a claim and some relevant context.
Your job is to determine whether the claim is true for the given context.
You must answer with a single word, ""True"" or ""False"".",Sutter is a city in the Silicon Valley region
"The user will provide a claim and some relevant context.
Your job is to determine whether the claim is true for the given context.
You must answer with a single word, ""True"" or ""False"".",Rio Oso is a city in the Silicon Valley region
"The user will provide a claim and some relevant context.
Your job is to determine whether the claim is true for the given context.
You must answer with a single word, ""True"" or ""False"".",Nicolaus is a city in the Silicon Valley region
"The user will provide a claim and some relevant context.
Your job is to determine whether the claim is true for the given context.
You must answer with a single word, ""True"" or ""False"".",Live Oak is a city in the Silicon Valley region
"The user will provide a claim and some relevant context.
Your job is to determine whether the claim is true for the given context.
You must answer with a single word, ""True"" or ""False"".",East Nicolaus is a city in the Silicon Valley region
"The user will provide a claim and some relevant context.
Your job is to determine whether the claim is true for the given context.
You must answer with a single word, ""True"" or ""False"".",Meridian is a city in the Silicon Valley region
"The user will provide a claim and some relevant context.
Your job is to determine whether the claim is true for the given context.
You must answer with a single word, ""True"" or ""False"".",Pleasant Grove is a city in the Silicon Valley region
"The user will provide a claim and some relevant context.
Your job is to determine whether the claim is true for the given context.
You must answer with a single word, ""True"" or ""False"".",Robbins is a city in the Silicon Valley region
"The user will provide a claim and some relevant context.
Your job is to determine whether the claim is true for the given context.
You must answer with a single word, ""True"" or ""False"".",Red Bluff is a city in the Silicon Valley region
"The user will provide a claim and some relevant context.
Your job is to determine whether the claim is true for the given context.
You must answer with a single word, ""True"" or ""False"".",Corning is a city in the Silicon Valley region
"The user will provide a claim and some relevant context.
Your job is to determine whether the claim is true for the given context.
You must answer with a single word, ""True"" or ""False"".",Manton is a city in the Silicon Valley region
"The user will provide a claim and some relevant context.
Your job is to determine whether the claim is true for the given context.
You must answer with a single word, ""True"" or ""False"".",Mineral is a city in the Silicon Valley region
"The user will provide a claim and some relevant context.
Your job is to determine whether the claim is true for the given context.
You must answer with a single word, ""True"" or ""False"".",Paynes Creek is a city in the Silicon Valley region
"The user will provide a claim and some relevant context.
Your job is to determine whether the claim is true for the given context.
You must answer with a single word, ""True"" or ""False"".",Paskenta is a city in the Silicon Valley region
"The user will provide a claim and some relevant context.
Your job is to determine whether the claim is true for the given context.
You must answer with a single word, ""True"" or ""False"".",Flournoy is a city in the Silicon Valley region
"The user will provide a claim and some relevant context.
Your job is to determine whether the claim is true for the given context.
You must answer with a single word, ""True"" or ""False"".",Gerber is a city in the Silicon Valley region
"The user will provide a claim and some relevant context.
Your job is to determine whether the claim is true for the given context.
You must answer with a single word, ""True"" or ""False"".",Los Molinos is a city in the Silicon Valley region
"The user will provide a claim and some relevant context.
Your job is to determine whether the claim is true for the given context.
You must answer with a single word, ""True"" or ""False"".",Tehama is a city in the Silicon Valley region
"The user will provide a claim and some relevant context.
Your job is to determine whether the claim is true for the given context.
You must answer with a single word, ""True"" or ""False"".",Vina is a city in the Silicon Valley region
"The user will provide a claim and some relevant context.
Your job is to determine whether the claim is true for the given context.
You must answer with a single word, ""True"" or ""False"".",Weaverville is a city in the Silicon Valley region
"The user will provide a claim and some relevant context.
Your job is to determine whether the claim is true for the given context.
You must answer with a single word, ""True"" or ""False"".",Burnt Ranch is a city in the Silicon Valley region
"The user will provide a claim and some relevant context.
Your job is to determine whether the claim is true for the given context.
You must answer with a single word, ""True"" or ""False"".",Coffee Creek is a city in the Silicon Valley region
"The user will provide a claim and some relevant context.
Your job is to determine whether the claim is true for the given context.
You must answer with a single word, ""True"" or ""False"".",Big Bar is a city in the Silicon Valley region
"The user will provide a claim and some relevant context.
Your job is to determine whether the claim is true for the given context.
You must answer with a single word, ""True"" or ""False"".",Douglas City is a city in the Silicon Valley region
"The user will provide a claim and some relevant context.
Your job is to determine whether the claim is true for the given context.
You must answer with a single word, ""True"" or ""False"".",Hayfork is a city in the Silicon Valley region
"The user will provide a claim and some relevant context.
Your job is to determine whether the claim is true for the given context.
You must answer with a single word, ""True"" or ""False"".",Hyampom is a city in the Silicon Valley region
"The user will provide a claim and some relevant context.
Your job is to determine whether the claim is true for the given context.
You must answer with a single word, ""True"" or ""False"".",Junction City is a city in the Silicon Valley region
"The user will provide a claim and some relevant context.
Your job is to determine whether the claim is true for the given context.
You must answer with a single word, ""True"" or ""False"".",Lewiston is a city in the Silicon Valley region
"The user will provide a claim and some relevant context.
Your job is to determine whether the claim is true for the given context.
You must answer with a single word, ""True"" or ""False"".",Trinity Center is a city in the Silicon Valley region
"The user will provide a claim and some relevant context.
Your job is to determine whether the claim is true for the given context.
You must answer with a single word, ""True"" or ""False"".",Zenia is a city in the Silicon Valley region
"The user will provide a claim and some relevant context.
Your job is to determine whether the claim is true for the given context.
You must answer with a single word, ""True"" or ""False"".",Visalia is a city in the Silicon Valley region
"The user will provide a claim and some relevant context.
Your job is to determine whether the claim is true for the given context.
You must answer with a single word, ""True"" or ""False"".",Tulare is a city in the Silicon Valley region
"The user will provide a claim and some relevant context.
Your job is to determine whether the claim is true for the given context.
You must answer with a single word, ""True"" or ""False"".",Porterville is a city in the Silicon Valley region
"The user will provide a claim and some relevant context.
Your job is to determine whether the claim is true for the given context.
You must answer with a single word, ""True"" or ""False"".",Terra Bella is a city in the Silicon Valley region
"The user will provide a claim and some relevant context.
Your job is to determine whether the claim is true for the given context.
You must answer with a single word, ""True"" or ""False"".",Yettem is a city in the Silicon Valley region
"The user will provide a claim and some relevant context.
Your job is to determine whether the claim is true for the given context.
You must answer with a single word, ""True"" or ""False"".",Allensworth is a city in the Silicon Valley region
"The user will provide a claim and some relevant context.
Your job is to determine whether the claim is true for the given context.
You must answer with a single word, ""True"" or ""False"".",Alpaugh is a city in the Silicon Valley region
"The user will provide a claim and some relevant context.
Your job is to determine whether the claim is true for the given context.
You must answer with a single word, ""True"" or ""False"".",Orosi is a city in the Silicon Valley region
"The user will provide a claim and some relevant context.
Your job is to determine whether the claim is true for the given context.
You must answer with a single word, ""True"" or ""False"".",Cutler is a city in the Silicon Valley region
"The user will provide a claim and some relevant context.
Your job is to determine whether the claim is true for the given context.
You must answer with a single word, ""True"" or ""False"".",Badger is a city in the Silicon Valley region
"The user will provide a claim and some relevant context.
Your job is to determine whether the claim is true for the given context.
You must answer with a single word, ""True"" or ""False"".",Ducor is a city in the Silicon Valley region
"The user will provide a claim and some relevant context.
Your job is to determine whether the claim is true for the given context.
You must answer with a single word, ""True"" or ""False"".",Earlimart is a city in the Silicon Valley region
"The user will provide a claim and some relevant context.
Your job is to determine whether the claim is true for the given context.
You must answer with a single word, ""True"" or ""False"".",Exeter is a city in the Silicon Valley region
"The user will provide a claim and some relevant context.
Your job is to determine whether the claim is true for the given context.
You must answer with a single word, ""True"" or ""False"".",Exter is a city in the Silicon Valley region
"The user will provide a claim and some relevant context.
Your job is to determine whether the claim is true for the given context.
You must answer with a single word, ""True"" or ""False"".",Farmersville is a city in the Silicon Valley region
"The user will provide a claim and some relevant context.
Your job is to determine whether the claim is true for the given context.
You must answer with a single word, ""True"" or ""False"".",California Hot Springs is a city in the Silicon Valley region
"The user will provide a claim and some relevant context.
Your job is to determine whether the claim is true for the given context.
You must answer with a single word, ""True"" or ""False"".",Johnsondale is a city in the Silicon Valley region
"The user will provide a claim and some relevant context.
Your job is to determine whether the claim is true for the given context.
You must answer with a single word, ""True"" or ""False"".",Lindsay is a city in the Silicon Valley region
"The user will provide a claim and some relevant context.
Your job is to determine whether the claim is true for the given context.
You must answer with a single word, ""True"" or ""False"".",Pixley is a city in the Silicon Valley region
"The user will provide a claim and some relevant context.
Your job is to determine whether the claim is true for the given context.
You must answer with a single word, ""True"" or ""False"".",Poplar is a city in the Silicon Valley region
"The user will provide a claim and some relevant context.
Your job is to determine whether the claim is true for the given context.
You must answer with a single word, ""True"" or ""False"".",Richgrove is a city in the Silicon Valley region
"The user will provide a claim and some relevant context.
Your job is to determine whether the claim is true for the given context.
You must answer with a single word, ""True"" or ""False"".",Lemon Cove is a city in the Silicon Valley region
"The user will provide a claim and some relevant context.
Your job is to determine whether the claim is true for the given context.
You must answer with a single word, ""True"" or ""False"".",Springville is a city in the Silicon Valley region
"The user will provide a claim and some relevant context.
Your job is to determine whether the claim is true for the given context.
You must answer with a single word, ""True"" or ""False"".",Strathmore is a city in the Silicon Valley region
"The user will provide a claim and some relevant context.
Your job is to determine whether the claim is true for the given context.
You must answer with a single word, ""True"" or ""False"".",Three Rivers is a city in the Silicon Valley region
"The user will provide a claim and some relevant context.
Your job is to determine whether the claim is true for the given context.
You must answer with a single word, ""True"" or ""False"".",Tipton is a city in the Silicon Valley region
"The user will provide a claim and some relevant context.
Your job is to determine whether the claim is true for the given context.
You must answer with a single word, ""True"" or ""False"".",Traver is a city in the Silicon Valley region
"The user will provide a claim and some relevant context.
Your job is to determine whether the claim is true for the given context.
You must answer with a single word, ""True"" or ""False"".",Ivanhoe is a city in the Silicon Valley region
"The user will provide a claim and some relevant context.
Your job is to determine whether the claim is true for the given context.
You must answer with a single word, ""True"" or ""False"".",Visilia is a city in the Silicon Valley region
"The user will provide a claim and some relevant context.
Your job is to determine whether the claim is true for the given context.
You must answer with a single word, ""True"" or ""False"".",Woodlake is a city in the Silicon Valley region
"The user will provide a claim and some relevant context.
Your job is to determine whether the claim is true for the given context.
You must answer with a single word, ""True"" or ""False"".",Ventura is a city in the Silicon Valley region
"The user will provide a claim and some relevant context.
Your job is to determine whether the claim is true for the given context.
You must answer with a single word, ""True"" or ""False"".",Groveland is a city in the Silicon Valley region
"The user will provide a claim and some relevant context.
Your job is to determine whether the claim is true for the given context.
You must answer with a single word, ""True"" or ""False"".",Chinese Camp is a city in the Silicon Valley region
"The user will provide a claim and some relevant context.
Your job is to determine whether the claim is true for the given context.
You must answer with a single word, ""True"" or ""False"".",Columbia is a city in the Silicon Valley region
"The user will provide a claim and some relevant context.
Your job is to determine whether the claim is true for the given context.
You must answer with a single word, ""True"" or ""False"".",Pinecrest is a city in the Silicon Valley region
"The user will provide a claim and some relevant context.
Your job is to determine whether the claim is true for the given context.
You must answer with a single word, ""True"" or ""False"".",Jamestown is a city in the Silicon Valley region
"The user will provide a claim and some relevant context.
Your job is to determine whether the claim is true for the given context.
You must answer with a single word, ""True"" or ""False"".",Soulsbyville is a city in the Silicon Valley region
"The user will provide a claim and some relevant context.
Your job is to determine whether the claim is true for the given context.
You must answer with a single word, ""True"" or ""False"".",Tuolumne is a city in the Silicon Valley region
"The user will provide a claim and some relevant context.
Your job is to determine whether the claim is true for the given context.
You must answer with a single word, ""True"" or ""False"".",Long Barn is a city in the Silicon Valley region
"The user will provide a claim and some relevant context.
Your job is to determine whether the claim is true for the given context.
You must answer with a single word, ""True"" or ""False"".",Twain Harte is a city in the Silicon Valley region
"The user will provide a claim and some relevant context.
Your job is to determine whether the claim is true for the given context.
You must answer with a single word, ""True"" or ""False"".",Oxnard is a city in the Silicon Valley region
"The user will provide a claim and some relevant context.
Your job is to determine whether the claim is true for the given context.
You must answer with a single word, ""True"" or ""False"".",Piru is a city in the Silicon Valley region
"The user will provide a claim and some relevant context.
Your job is to determine whether the claim is true for the given context.
You must answer with a single word, ""True"" or ""False"".",Santa Paula is a city in the Silicon Valley region
"The user will provide a claim and some relevant context.
Your job is to determine whether the claim is true for the given context.
You must answer with a single word, ""True"" or ""False"".",Fillmore is a city in the Silicon Valley region
"The user will provide a claim and some relevant context.
Your job is to determine whether the claim is true for the given context.
You must answer with a single word, ""True"" or ""False"".",Port Hueneme is a city in the Silicon Valley region
"The user will provide a claim and some relevant context.
Your job is to determine whether the claim is true for the given context.
You must answer with a single word, ""True"" or ""False"".",Somis is a city in the Silicon Valley region
"The user will provide a claim and some relevant context.
Your job is to determine whether the claim is true for the given context.
You must answer with a single word, ""True"" or ""False"".",Moorpark is a city in the Silicon Valley region
"The user will provide a claim and some relevant context.
Your job is to determine whether the claim is true for the given context.
You must answer with a single word, ""True"" or ""False"".",Ojai is a city in the Silicon Valley region
"The user will provide a claim and some relevant context.
Your job is to determine whether the claim is true for the given context.
You must answer with a single word, ""True"" or ""False"".",Snta Paula is a city in the Silicon Valley region
"The user will provide a claim and some relevant context.
Your job is to determine whether the claim is true for the given context.
You must answer with a single word, ""True"" or ""False"".",Simi is a city in the Silicon Valley region
"The user will provide a claim and some relevant context.
Your job is to determine whether the claim is true for the given context.
You must answer with a single word, ""True"" or ""False"".",Oak View is a city in the Silicon Valley region
"The user will provide a claim and some relevant context.
Your job is to determine whether the claim is true for the given context.
You must answer with a single word, ""True"" or ""False"".",Newbury Park is a city in the Silicon Valley region
"The user will provide a claim and some relevant context.
Your job is to determine whether the claim is true for the given context.
You must answer with a single word, ""True"" or ""False"".",Oak Park is a city in the Silicon Valley region
"The user will provide a claim and some relevant context.
Your job is to determine whether the claim is true for the given context.
You must answer with a single word, ""True"" or ""False"".",Woodland is a city in the Silicon Valley region
"The user will provide a claim and some relevant context.
Your job is to determine whether the claim is true for the given context.
You must answer with a single word, ""True"" or ""False"".",West Sacramento is a city in the Silicon Valley region
"The user will provide a claim and some relevant context.
Your job is to determine whether the claim is true for the given context.
You must answer with a single word, ""True"" or ""False"".",Esparato is a city in the Silicon Valley region
"The user will provide a claim and some relevant context.
Your job is to determine whether the claim is true for the given context.
You must answer with a single word, ""True"" or ""False"".",Winters is a city in the Silicon Valley region
"The user will provide a claim and some relevant context.
Your job is to determine whether the claim is true for the given context.
You must answer with a single word, ""True"" or ""False"".",Davis is a city in the Silicon Valley region
"The user will provide a claim and some relevant context.
Your job is to determine whether the claim is true for the given context.
You must answer with a single word, ""True"" or ""False"".",Bryte is a city in the Silicon Valley region
"The user will provide a claim and some relevant context.
Your job is to determine whether the claim is true for the given context.
You must answer with a single word, ""True"" or ""False"".",Esparto is a city in the Silicon Valley region
"The user will provide a claim and some relevant context.
Your job is to determine whether the claim is true for the given context.
You must answer with a single word, ""True"" or ""False"".",Madison is a city in the Silicon Valley region
"The user will provide a claim and some relevant context.
Your job is to determine whether the claim is true for the given context.
You must answer with a single word, ""True"" or ""False"".",Broderick is a city in the Silicon Valley region
"The user will provide a claim and some relevant context.
Your job is to determine whether the claim is true for the given context.
You must answer with a single word, ""True"" or ""False"".",Knights Landing is a city in the Silicon Valley region
"The user will provide a claim and some relevant context.
Your job is to determine whether the claim is true for the given context.
You must answer with a single word, ""True"" or ""False"".",Yolo is a city in the Silicon Valley region
"The user will provide a claim and some relevant context.
Your job is to determine whether the claim is true for the given context.
You must answer with a single word, ""True"" or ""False"".",Marysville is a city in the Silicon Valley region
"The user will provide a claim and some relevant context.
Your job is to determine whether the claim is true for the given context.
You must answer with a single word, ""True"" or ""False"".",Oregon House is a city in the Silicon Valley region
"The user will provide a claim and some relevant context.
Your job is to determine whether the claim is true for the given context.
You must answer with a single word, ""True"" or ""False"".",Wheatland is a city in the Silicon Valley region
"The user will provide a claim and some relevant context.
Your job is to determine whether the claim is true for the given context.
You must answer with a single word, ""True"" or ""False"".",Olivehurst is a city in the Silicon Valley region
"The user will provide a claim and some relevant context.
Your job is to determine whether the claim is true for the given context.
You must answer with a single word, ""True"" or ""False"".",Camptonville is a city in the Silicon Valley region
"The user will provide a claim and some relevant context.
Your job is to determine whether the claim is true for the given context.
You must answer with a single word, ""True"" or ""False"".",Dobbins is a city in the Silicon Valley region
"The user will provide a claim and some relevant context.
Your job is to determine whether the claim is true for the given context.
You must answer with a single word, ""True"" or ""False"".",Browns Valley is a city in the Silicon Valley region
"The user will provide a claim and some relevant context.
Your job is to determine whether the claim is true for the given context.
You must answer with a single word, ""True"" or ""False"".",Oliverhurst is a city in the Silicon Valley region
"The user will provide a claim and some relevant context.
Your job is to determine whether the claim is true for the given context.
You must answer with a single word, ""True"" or ""False"".",Plumas Lake is a city in the Silicon Valley region
"The user will provide a claim and some relevant context.
Your job is to determine whether the claim is true for the given context.
You must answer with a single word, ""True"" or ""False"".",Beale AFB is a city in the Silicon Valley region
"The user will provide a claim and some relevant context.
Your job is to determine whether the claim is true for the given context.
You must answer with a single word, ""True"" or ""False"".",Beale Air Force Base is a city in the Silicon Valley region
